46479|Orsago|12.4062441,45.8969788,12.4843977,45.9413069
44964|Peschiera_del_Garda|10.6231489,45.4156025,10.7168587,45.4637781
45254|Noale|12.0314987,45.5288069,12.1128210,45.5775465
46833|Farra_d_Alpago|12.3021507,46.0585990,12.4181243,46.1350705
46216|Crocetta_del_Montello|12.0096860,45.8059438,12.1093894,45.8530612
45392|Villa_del_Conte|11.8336274,45.5615943,11.8821658,45.6289228
46637|Mel|12.0258516,45.9602090,12.1697387,46.0908303
44927|Colognola_ai_Colli|11.1445294,45.4006597,11.2326627,45.4485767
45308|Scorzè|12.0723242,45.5444151,12.2120404,45.6144182
44261|Masi|11.4682249,45.1034219,11.5265310,45.1476052
46201|Crespano_del_Grappa|11.7935162,45.8054354,11.8578641,45.8738889
46612|Cappella_Maggiore|12.3204485,45.9583576,12.3773854,46.0019013
45582|Silea|12.2789949,45.6057056,12.3671736,45.6767187
45349|Quarto_d_Altino|12.3354545,45.5312809,12.5055534,45.5907699
1650904|Posina|11.1885001,45.7691987,11.3207664,45.8328974
47180|Rocca_Pietore|11.8384390,46.3896606,12.0161042,46.4775511
45127|Grumolo_delle_Abbadesse|11.6308663,45.4813468,11.6877918,45.5404126
47158|Vodo_di_Cadore|12.1349518,46.3739450,12.2963943,46.4519613
45593|Pozzoleone|11.6560600,45.6386669,11.7009750,45.7008688
46044|Calvene|11.4942791,45.7553244,11.5277717,45.8132466
45711|Thiene|11.4460611,45.6577751,11.5143698,45.7177412
46895|Ponte_nelle_Alpi|12.2296151,46.0904838,12.3433784,46.2238300
45261|Fumane|10.8568245,45.5259941,10.9330150,45.6377835
46075|Giavera_del_Montello|12.1229268,45.7590856,12.2101348,45.8470688
45163|Camisano_Vicentino|11.6645409,45.4939894,11.7593811,45.5610047
44829|Vigonovo|11.9751737,45.3671031,12.0414507,45.4083272
44360|Villa_Estense|11.6410232,45.1402402,11.7019161,45.2001150
44703|Sossano|11.4879264,45.3150749,11.5650620,45.3855968
44103|Giacciano_con_Baruchella|11.3608714,45.0358411,11.4727315,45.0998421
45048|Cadoneghe|11.8936845,45.4366092,11.9528461,45.4852010
43975|Ceneselli|11.3362421,44.9889867,11.4309453,45.0571111
45329|Vestenanova|11.1893530,45.5519410,11.2475011,45.6275232
45881|Fara_Vicentino|11.5343832,45.7053658,11.5943568,45.7641452
47195|Selva_di_Cadore|12.0057398,46.4196228,12.1179481,46.4820187
44943|Montegaldella|11.6216391,45.4072461,11.6825372,45.4628143
44445|Arre|11.9094255,45.1915904,11.9653256,45.2352258
46563|Tarzo|12.1791465,45.9376021,12.2617725,45.9933508
45980|San_Zenone_degli_Ezzelini|11.8035058,45.7404223,11.8688358,45.8074203
45531|Sandrigo|11.5633664,45.6207192,11.6654230,45.6821336
46974|Gosaldo|11.9115675,46.1663487,12.0556443,46.2488073
1651607|Solagna|11.6869370,45.8046024,11.7436330,45.8753348
44982|Rubano|11.7754743,45.4124488,11.8294210,45.4585746
46910|Puos_d_Alpago|12.3180989,46.1209216,12.4028051,46.1533367
44417|Urbana|11.4015251,45.1758612,11.4599331,45.2247616
45367|Costermano|10.6995160,45.5575911,10.7690841,45.6247265
46381|Cismon_del_Grappa|11.6823166,45.8680836,11.8002141,45.9839713
45364|Gambugliano|11.4243154,45.5613753,11.4586253,45.6030176
47112|Forno_di_Zoldo|12.1119354,46.2831476,12.2685368,46.3887111
44739|Abano_Terme|11.7569076,45.3306637,11.8369742,45.3838262
44638|Due_Carrare|11.7878885,45.2715569,11.8706811,45.3324422
44582|Pojana_Maggiore|11.4636447,45.2584212,11.5656047,45.3275718
45512|Erbezzo|10.9669982,45.6052060,11.0287941,45.7193705
44922|Dolo|12.0359918,45.3915383,12.1318490,45.4505992
44341|Agna|11.9257482,45.1468999,12.0218587,45.2028373
45128|San_Pietro_in_Cariano|10.8619671,45.4827508,10.9370642,45.5348257
45615|Vedelago|11.9497650,45.6384420,12.0776251,45.7338768
45004|Mestrino|11.7041951,45.4230732,11.7852628,45.4812375
44695|Montegrotto_Terme|11.7547697,45.2999238,11.8173151,45.3472544
46292|Moriago_della_Battaglia|12.0639264,45.8348104,12.1167714,45.8835141
44374|Sanguinetto|11.1167001,45.1538664,11.1818575,45.1920870
45413|Bosco_Chiesanuova|10.9989114,45.5841309,11.1100726,45.7183803
45275|San_Mauro_di_Saline|11.0939796,45.5284174,11.1297290,45.5964923
46336|Susegana|12.1785727,45.8071388,12.2833030,45.8989226
46005|Oderzo|12.4344785,45.7398722,12.5536961,45.8154467
43911|Crespino|11.8355558,44.9742065,11.9289214,45.0298215
44394|Santa_Margherita_d_Adige|11.5378413,45.1647646,11.5804185,45.2211842
43947|Pincara|11.5725516,44.9686770,11.6762082,45.0095209
45276|Gazzo|11.6529340,45.5378537,11.7272133,45.5961961
44717|Asigliano_Veneto|11.4320725,45.2953899,11.4843301,45.3261499
45332|Nogarole_Vicentino|11.2687595,45.5518741,11.3283748,45.5986986
46154|Conco|11.5901149,45.7787480,11.6651268,45.8443282
45107|Cavallino-Treporti|12.4195068,45.4224323,12.5855746,45.5037355
44741|Venezia|12.1667974,45.2313141,12.5965713,45.5780573
46410|Farra_di_Soligo|12.0546157,45.8771739,12.1699828,45.9299929
44049|Canda|11.4779780,45.0294905,11.5538224,45.0653911
45176|Piazzola_sul_Brenta|11.7184787,45.4927274,11.8440790,45.5925286
47171|Zoppè_di_Cadore|12.1579683,46.3741279,12.1931890,46.4002099
46349|Portobuffolè|12.5016205,45.8391815,12.5589891,45.8631505
46638|Lentiai|11.9779358,45.9616845,12.0519552,46.0585198
45114|Pescantina|10.8100546,45.4700272,10.9281787,45.5127594
46694|Fregona|12.3081615,45.9803429,12.4162289,46.0763769
47111|Falcade|11.7740051,46.3060447,11.9022576,46.4104963
46721|Trichiana|12.1162472,46.0044935,12.2274541,46.0933569
45203|Sant_Ambrogio_di_Valpolicella|10.8033822,45.5068749,10.8697925,45.5830846
44661|Vigasio|10.9015301,45.2924572,10.9805994,45.3650087
45990|Salcedo|11.5465474,45.7472377,11.5943503,45.7689136
44796|Castel_d_Azzano|10.9214437,45.3412221,10.9731441,45.3767047
1650217|Asiago|11.3723986,45.8114902,11.6347674,46.0122458
43988|Fratta_Polesine|11.5862341,44.9942669,11.6734640,45.0530978
45117|Montecchio_Maggiore|11.3749901,45.4773228,11.4583739,45.5635343
44497|Bonavigo|11.2673416,45.2136467,11.3269804,45.2766952
46401|San_Fior|12.3225832,45.8684586,12.4121085,45.9331277
44434|Monselice|11.6965571,45.1876458,11.8168833,45.2867903
47149|Vallada_Agordina|11.9072564,46.3467370,11.9635305,46.3999452
46834|Belluno|12.1183605,46.0362704,12.3067003,46.2335995
44965|Castelnuovo_del_Garda|10.6419989,45.4035572,10.8042536,45.4779901
44732|Legnaro|11.9427788,45.3126799,11.9870637,45.3728982
44446|Candiana|11.9392199,45.1966819,12.0193386,45.2504474
45459|Cornedo_Vicentino|11.3088085,45.5868859,11.4053875,45.6521017
45567|Morgano|12.0737471,45.6230009,12.1317330,45.6687202
44652|Maserà_di_Padova|11.8186594,45.2796398,11.9047085,45.3381666
44089|Bergantino|11.2236493,45.0451910,11.2830850,45.0936022
47077|La_Valle_Agordina|12.0373350,46.2427900,12.1587088,46.3306337
44836|Padova|11.8054118,45.3395667,11.9764350,45.4573727
1650903|Pedemonte|11.2706431,45.8916489,11.3672573,45.9379703
45433|Piombino_Dese|11.9653228,45.5834277,12.0881501,45.6483730
44075|Costa_di_Rovigo|11.6668132,45.0281470,11.7376880,45.0761224
46536|Follina|12.0907797,45.9192057,12.1691604,46.0040654
46472|Seren_del_Grappa|11.7739736,45.8808805,11.9107727,46.0117430
45205|Negrar|10.9214776,45.4841113,10.9869813,45.5968061
44938|Noventa_Padovana|11.9324181,45.4029159,12.0043153,45.4233870
47250|Sappada_-_Plodn|12.6188721,46.5121108,12.7496431,46.6314717
45875|Breda_di_Piave|12.3017361,45.6920994,12.4170171,45.7412287
45801|Concordia_Sagittaria|12.7542418,45.6753610,12.9213548,45.7679985
45055|Montecchia_di_Crosara|11.2224823,45.4377135,11.3308021,45.5127664
44730|Buttapietra|10.9726671,45.3159361,11.0377806,45.3718473
45309|Quinto_Vicentino|11.6100379,45.5420289,11.6746891,45.5959239
44342|Sorgà|10.9303179,45.1495788,11.0405828,45.2391267
44258|Pettorazza_Grimani|11.9554693,45.0941559,12.0465045,45.1402842
44127|Rosolina|12.2179944,45.0447924,12.3763882,45.1623388
44742|Campolongo_Maggiore|12.0122935,45.3116676,12.1263528,45.3576072
45683|Zenson_di_Piave|12.4600217,45.6570144,12.5057301,45.6994870
1651604|Pianezze|11.6198478,45.7150357,11.6526768,45.7512988
45590|Fossalta_di_Piave|12.4845168,45.6232440,12.5373167,45.6689194
44914|Caldiero|11.1387930,45.3882883,11.2120896,45.4200064
44616|Arquà_Petrarca|11.6955009,45.2464026,11.7543360,45.2871025
44390|Ponso|11.5592514,45.1660243,11.6072219,45.2189958
46383|San_Vendemiano|12.3123548,45.8592205,12.3927278,45.9115216
44359|Megliadino_San_Vitale|11.5030764,45.1507204,11.5625698,45.2057878
44311|Stanghella|11.7143904,45.1163628,11.8057922,45.1836517
44825|Alonte|11.4060838,45.3401129,11.4554800,45.3819316
43912|Salara|11.3832767,44.9671745,11.4640588,45.0023437
44345|Casale_di_Scodosia|11.4530323,45.1521645,11.5248886,45.2144096
44911|Saccolongo|11.7170365,45.3861901,11.7770085,45.4335689
47253|Santo_Stefano_di_Cadore|12.4990076,46.5065511,12.7322625,46.6578293
45201|Martellago|12.1255978,45.5045080,12.1999342,45.5715217
45093|Mezzane_di_Sotto|11.0894872,45.4666066,11.1539884,45.5144076
45628|Monte_di_Malo|11.3263531,45.6216991,11.4032828,45.6738056
45177|Curtarolo|11.8077206,45.4954820,11.8748548,45.5482861
47209|Calalzo_di_Cadore|12.2545382,46.4335383,12.3965058,46.5067308
46222|Mansuè|12.4854191,45.7964738,12.5732022,45.8585039
45129|Campodarsego|11.8792001,45.4707242,11.9767298,45.5274041
44443|Correzzola|12.0039637,45.1935581,12.1843348,45.2410584
44621|Casalserugo|11.8944450,45.2739481,11.9412974,45.3346230
46594|Arsiè|11.6665863,45.9218179,11.8039176,46.0265546
44925|Mira|12.0859247,45.3421366,12.2660823,45.4796295
44546|Baone|11.6336502,45.2182780,11.7246401,45.2860897
45366|Garda|10.6300124,45.5677696,10.7404929,45.5914188
44979|Vigonza|11.9309102,45.4145115,12.0272327,45.4948042
44706|Teolo|11.6510713,45.3160974,11.7696192,45.3953977
45417|Roncade|12.3317329,45.5590099,12.4531881,45.6715253
43936|Papozze|11.9869744,44.9759494,12.0873756,45.0211642
45161|Jesolo|12.5270045,45.4781205,12.7615733,45.5917331
44681|Campagna_Lupia|12.0776975,45.2960162,12.2540936,45.4023506
45096|Santa_Maria_di_Sala|11.9901667,45.4669693,12.0771910,45.5351462
44530|Codevigo|12.0660261,45.2111770,12.2064075,45.3051491
44356|Cona|11.9728373,45.1470005,12.1764255,45.2102582
44902|San_Bonifacio|11.2229223,45.3578814,11.3469234,45.4346693
44743|Villafranca_di_Verona|10.7676969,45.3183758,10.9496943,45.4066090
44294|Terrazzo|11.3468173,45.1290590,11.4289706,45.1911581
44968|Lavagno|11.1128921,45.3358503,11.3561092,45.4730845
1651601|Molvena|11.5871039,45.7208154,11.6330391,45.7532678
43841|Gaiba|11.4570381,44.9357411,11.5247424,44.9779275
44229|Cavarzere|11.9619782,45.0556953,12.2374580,45.1708144
46417|Pieve_di_Soligo|12.1468827,45.8640699,12.2022297,45.9401341
296198|Trebaseleghe|11.9872487,45.5627081,12.0927560,45.6252264
45204|Bardolino|10.6302959,45.4924717,10.7872752,45.5718591
45472|Loreggia|11.8976808,45.5705244,11.9833510,45.6283673
45554|Crespadoro|11.1382596,45.6095287,11.2325302,45.6971489
47235|Cortina_d_Ampezzo|11.9885395,46.4617711,12.2575890,46.6749780
43962|Arquà_Polesine|11.7076487,44.9941860,11.7825469,45.0428224
44211|Gazzo_Veronese|11.0294070,45.0952737,11.1670407,45.1713583
45187|Tregnago|11.1154726,45.4957879,11.2108290,45.5643809
45751|Rossano_Veneto|11.7863995,45.6830463,11.8241552,45.7255495
45088|Mirano|12.0343652,45.4449482,12.1392006,45.5310814
45034|Illasi|11.1402565,45.4383164,11.2166976,45.5066427
45109|Spinea|12.1244340,45.4676461,12.1821594,45.5181588
45705|Schio|11.2874918,45.6686400,11.4267239,45.7785509
44910|Cervarese_Santa_Croce|11.6525656,45.3704576,11.7217829,45.4294927
45932|Montebelluna|11.9923092,45.7229841,12.0976950,45.8131412
45550|Malo|11.3809261,45.6169195,11.4790561,45.6848992
45524|Resana|11.9241875,45.6081544,12.0162481,45.6642380
44699|Valeggio_sul_Mincio|10.6851367,45.2871971,10.7924675,45.4193633
45035|Cazzano_di_Tramigna|11.1948075,45.4362924,11.2304885,45.5174060
1650220|Gallio|11.5247570,45.8579965,11.6240019,45.9556453
44495|Isola_della_Scala|10.9616957,45.2178130,11.0923259,45.3359218
44643|Cologna_Veneta|11.3280412,45.2808604,11.4724740,45.3419889
46316|Pederobba|11.9129103,45.8397882,12.0367727,45.8964793
43949|Calto|11.3255658,44.9733581,11.3912251,45.0202403
45059|Longare|11.5623299,45.4421679,11.6497284,45.5017099
46853|Sedico|12.0556443,46.0748595,12.1918136,46.2663635
45568|Quinto_di_Treviso|12.1197164,45.6143549,12.1925433,45.6696919
44984|Zovencedo|11.4782515,45.4186775,11.5140477,45.4637043
44635|Cinto_Euganeo|11.6332866,45.2655792,11.7087411,45.3136220
46153|Nervesa_della_Battaglia|12.1338109,45.7891711,12.2796575,45.8541105
43915|Frassinelle_Polesine|11.6536599,44.9554647,11.7289730,45.0080246
47224|Livinallongo_del_Col_di_Lana|11.8103951,46.4552281,12.0283240,46.5452609
46683|Revine_Lago|12.1854329,45.9761017,12.2719805,46.0279867
47063|Voltago_Agordino|11.9330682,46.2340191,12.0231903,46.2853746
45511|Treviso|12.1696757,45.6136502,12.2882487,45.7078497
46704|Fonzaso|11.7589057,45.9546331,11.8441288,46.0401769
45986|Spresiano|12.2390364,45.7448869,12.3206872,45.8071388
44030|Ceregnano|11.8356127,45.0179183,11.9775872,45.0692052
45431|Grantorto|11.6996489,45.5800031,11.7665195,45.6231059
46940|Pieve_d_Alpago|12.3205619,46.1403106,12.4092373,46.2290303
45232|Creazzo|11.4480115,45.5191974,11.5034935,45.5568844
46083|Maser|11.9258000,45.7645041,12.0022058,45.8347973
45485|Fontaniva|11.7127427,45.5965688,11.7931742,45.6583822
47264|San_Nicolò_di_Comelico|12.5138371,46.5703464,12.5746266,46.6599488
45348|Badia_Calavena|11.1188120,45.5440825,11.1975468,45.6055772
44350|Vighizzolo_d_Este|11.5748300,45.1394881,11.6509268,45.1914574
45217|Sovizzo|11.4050180,45.5092752,11.4555263,45.5714187
296203|Villanova_di_Camposampiero|11.9519942,45.4734566,12.0040157,45.5219175
46456|Refrontolo|12.1899634,45.8786263,12.2355963,45.9452393
44733|Sant_Angelo_di_Piove_di_Sacco|11.9795818,45.3088253,12.0343763,45.3708718
46893|Sospirolo|11.9847084,46.1140824,12.1275302,46.2186196
43977|Trecenta|11.3937900,44.9876430,11.4988905,45.0601602
44715|Torreglia|11.6982693,45.3160599,11.7632091,45.3703103
44792|Arcole|11.2583777,45.3420485,11.3410638,45.3913185
1650901|Laghi|11.2182853,45.8028158,11.2858821,45.8770685
46517|Cordignano|12.3598047,45.9128603,12.4865355,46.0197384
46028|Annone_Veneto|12.6552555,45.7208903,12.7481841,45.8063572
45199|Chiampo|11.2445992,45.5111135,11.3173532,45.5850060
45943|Piovene_Rocchette|11.3929148,45.7290121,11.4508589,45.7778219
44477|Saletto|11.5278844,45.2171721,11.5761377,45.2629610
44926|Sona|10.7541826,45.3870970,10.9106830,45.4668285
44693|Agugliaro|11.5530855,45.2974367,11.6153712,45.3532640
45627|Torre_di_Mosto|12.6495453,45.5964082,12.7701088,45.7129409
47204|Colle_Santa_Lucia|11.9830862,46.4379467,12.0548554,46.5020271
45581|Casier|12.2396840,45.6063898,12.3121300,45.6481570
45743|Breganze|11.5444518,45.6723051,11.6216189,45.7350041
47186|Domegge_di_Cadore|12.3681593,46.3882879,12.4992139,46.5101410
45473|Selva_di_Progno|11.1029434,45.5934216,11.1987368,45.6970839
44491|Minerbe|11.3075339,45.2188512,11.4035268,45.2746273
44765|Zimella|11.3141100,45.3251982,11.4092888,45.3869011
45290|Campo_San_Martino|11.7930538,45.5323967,11.8706824,45.5797468
1651599|Cassola|11.7469860,45.7230221,11.8198156,45.7715644
46428|Alano_di_Piave|11.8250444,45.8804429,11.9498410,45.9392227
46936|Chies_d_Alpago|12.3701851,46.1331214,12.4986298,46.2112495
47160|Alleghe|11.9868076,46.3660626,12.0983163,46.4452514
46230|Paderno_del_Grappa|11.7990042,45.8113801,11.8767633,45.9081126
45343|Castelgomberto|11.3789461,45.5595913,11.4279944,45.6176728
44645|Ronco_all_Adige|11.1749422,45.2827804,11.2714262,45.3686843
44425|Este|11.6105917,45.1783961,11.7236982,45.2617535
46760|Sovramonte|11.7588886,46.0234038,11.8582623,46.1114612
44789|Albettone|11.5648328,45.3250973,11.6277894,45.3889710
46736|Lamon|11.6659608,46.0145655,11.7662124,46.1052130
44286|Castelbaldo|11.4169540,45.1090498,11.4926805,45.1530162
45832|Ponzano_Veneto|12.1473318,45.6989769,12.2391745,45.7450607
44606|Nogarole_Rocca|10.8396163,45.2461064,10.9281279,45.3104363
45038|Villafranca_Padovana|11.7577755,45.4446519,11.8302059,45.5238515
44529|Pontelongo|11.9906987,45.2343717,12.0838124,45.2603291
46187|Vazzola|12.3206145,45.8009471,12.4358868,45.8591612
44579|Noventa_Vicentina|11.5185047,45.2552030,11.6174948,45.3186861
44173|Lusia|11.5985060,45.0779736,11.7092651,45.1099880
44424|Bevilacqua|11.3673143,45.1796845,11.4094162,45.2528201
45750|Castello_di_Godego|11.8348330,45.6687859,11.9124472,45.7181830
44373|Nogara|11.0092418,45.1508637,11.1310430,45.2294104
46014|Asolo|11.8746791,45.7554609,11.9483929,45.8239270
44770|Zevio|11.0389068,45.3279402,11.1949206,45.3993660
45054|Vigodarzere|11.8450495,45.4474170,11.9024947,45.5153414
47082|Agordo|11.9933875,46.2688541,12.0820487,46.3484056
45120|Roncà|11.2702231,45.4565699,11.3300263,45.5116465
45262|Massanzago|11.9804412,45.5195617,12.0337401,45.5706697
47174|Pieve_di_Cadore|12.2686047,46.3517052,12.4632678,46.4727347
44017|Porto_Viro|12.1871733,44.9532582,12.4242115,45.0773557
1651606|Romano_d_Ezzelino|11.7334068,45.7426906,11.8083308,45.8461029
45430|Caorle|12.7427757,45.5568805,12.9880987,45.7186500
44565|Cartura|11.8300361,45.2501874,11.9232678,45.2906681
44038|Castelnovo_Bariano|11.2625570,45.0164748,11.3608714,45.0922478
45169|Arzignano|11.2858707,45.4976480,11.3821153,45.5610010
45597|Istrana|12.0602908,45.6375647,12.1217071,45.7243118
45535|Carmignano_di_Brenta|11.6768328,45.6080576,11.7292813,45.6623678
46020|Cimadolmo|12.3135699,45.7525903,12.4003648,45.8054291
46540|Colle_Umberto|12.3213065,45.9236756,12.3774076,45.9666732
44830|Verona|10.8781758,45.3503164,11.1253568,45.5424501
44570|Lozzo_Atestino|11.5800183,45.2560810,11.6412210,45.3184665
44462|Conselve|11.8373892,45.2008293,11.9302201,45.2566530
1650902|Lastebasse|11.2348527,45.8717681,11.3328123,45.9206763
43840|Stienta|11.4867774,44.9290164,11.5677161,44.9834861
44537|Trevenzuolo|10.8899346,45.2330368,10.9769156,45.2953984
45415|Casale_sul_Sile|12.2641863,45.5738871,12.3602036,45.6370063
46365|Conegliano|12.2472598,45.8602041,12.3333947,45.9472742
46213|Fontanelle|12.4118437,45.7823942,12.4988470,45.8676246
45033|Castegnero|11.5610081,45.4162774,11.6410260,45.4576160
45490|Dueville|11.5249249,45.5968397,11.5896253,45.6570537
46471|Segusino|11.9437358,45.8964793,12.0075934,45.9680436
46061|Arcade|12.2022061,45.7627104,12.2451161,45.7963355
44736|Belfiore|11.1647195,45.3247767,11.2725040,45.4043714
44588|Pressana|11.3404342,45.2529206,11.4512013,45.2930745
44698|Vo_|11.6117709,45.3000357,11.6985816,45.3557729
44077|Lendinara|11.5162754,45.0369516,11.6478206,45.1245795
44351|Bagnoli_di_Sopra|11.8466858,45.1516570,11.9528513,45.2101966
46651|Feltre|11.8386285,45.9719758,11.9872002,46.1207631
44366|Tribano|11.8108790,45.1551138,11.8712058,45.2292767
44520|San_Pietro_di_Morubio|11.1607718,45.2238969,11.2426953,45.2603989
45426|San_Donà_di_Piave|12.5244043,45.5548965,12.6601540,45.6976173
45778|Torrebelvicino|11.2588818,45.6897760,11.3345598,45.7544805
44237|San_Martino_di_Venezze|11.8471164,45.0969766,11.9755066,45.1432176
45944|Carrè|11.4371324,45.7291648,11.5021911,45.7573412
45206|Cavaion_Veronese|10.7467428,45.5133590,10.8071130,45.5506477
1650900|Cogollo_del_Cengio|11.3663102,45.7685300,11.4593501,45.8537405
1650223|Rotzo|11.3578534,45.8519989,11.4269538,45.9516660
47223|Vigo_di_Cadore|12.4515477,46.4562783,12.6622866,46.5328758
47154|San_Tomaso_Agordino|11.9416103,46.3598962,12.0122207,46.4157868
43838|Ficarolo|11.4149282,44.9280519,11.4796948,44.9826143
45318|Monteviale|11.4451626,45.5424514,11.5016292,45.5806238
45870|Portogruaro|12.7268072,45.6985975,12.9816984,45.8168826
46160|Pramaggiore|12.6912120,45.7612389,12.7652279,45.8372427
43885|Polesella|11.7027219,44.9406402,11.7719565,44.9986013
45146|Pastrengo|10.7779309,45.4793625,10.8205046,45.5146213
46304|Valstagna|11.5859582,45.8293387,11.7253319,45.9352352
45302|Camposampiero|11.9044636,45.5434422,11.9946832,45.6052365
44471|Erbè|10.9283708,45.2191117,11.0185650,45.2633225
44985|Fiesso_d_Artico|12.0095600,45.4109151,12.0631870,45.4346105
46315|Cavaso_del_Tomba|11.8691869,45.8384436,11.9379968,45.8897204
44274|Casaleone|11.1474883,45.1106233,11.2596924,45.1922516
1650896|Zugliano|11.4675452,45.7137578,11.5387633,45.7479618
44631|Galzignano_Terme|11.6936432,45.2791906,11.7738441,45.3222721
45001|Gambellara|11.3196432,45.4171660,11.3589854,45.4834692
43960|San_Bellino|11.5523390,44.9942431,11.6281760,45.0461089
44916|Grancona|11.4367253,45.3959871,11.4851449,45.4465070
44115|Badia_Polesine|11.4094201,45.0508156,11.5746937,45.1319074
46402|San_Pietro_di_Feletto|12.2209908,45.8672172,12.2965217,45.9409786
43917|Guarda_Veneta|11.7660240,44.9616931,11.8480325,45.0005841
45250|Salzano|12.0742107,45.5112152,12.1431579,45.5576460
45198|San_Giovanni_Ilarione|11.2009722,45.4943573,11.2823519,45.5613974
45312|Musile_di_Piave|12.4577319,45.5447653,12.5997032,45.6438321
45303|Affi|10.7462131,45.5431534,10.8050995,45.5763029
45696|San_Biagio_di_Callalta|12.3049387,45.6449232,12.4752709,45.7204486
44413|Salizzole|11.0480721,45.1846082,11.1388370,45.2647634
46795|Santa_Giustina|11.9837307,46.0521411,12.0831975,46.1493726
45456|San_Stino_di_Livenza|12.6466804,45.5930479,12.8569001,45.7636093
46013|Fonte|11.8453730,45.7542133,11.8957296,45.8161460
46237|Monfumo|11.9049310,45.8141588,11.9649099,45.8568376
44000|Castelmassa|11.3001670,44.9961465,11.3517204,45.0467745
45759|Loria|11.8140825,45.6769041,11.8806062,45.7479353
45398|Bolzano_Vicentino|11.5910898,45.5654374,11.6494007,45.6250209
46314|Possagno|11.8281202,45.8404030,11.8945710,45.9015630
44463|Ospedaletto_Euganeo|11.5643239,45.1935162,11.6359996,45.2614279
45953|Motta_di_Livenza|12.5732267,45.7238308,12.6711465,45.8050672
43668|Porto_Tolle|12.2999022,44.7963285,12.5541275,45.0361719
47211|San_Vito_di_Cadore|12.0506716,46.4441495,12.2695012,46.5086570
44903|Sommacampagna|10.7763315,45.3684275,10.9170881,45.4286240
43956|Corbola|12.0680774,44.9774920,12.1622370,45.0205077
47084|Canale_d_Agordo|11.8262644,46.2699307,11.9327216,46.4013156
47126|Zoldo_Alto|12.0529882,46.3198696,12.1679726,46.4237694
45141|Altavilla_Vicentina|11.4416571,45.4821512,11.5107486,45.5261226
44574|Isola_Rizza|11.1516796,45.2536555,11.2272226,45.3024598
45502|Cittadella|11.6977999,45.6062292,11.8208304,45.6834982
44690|Mozzecane|10.7830483,45.2728405,10.8925516,45.3337313
44798|Rovolon|11.6112533,45.3492520,11.6979047,45.4106581
45776|Salgareda|12.4636082,45.6790251,12.5785571,45.7278652
43968|Bosaro|11.7458322,44.9814415,11.8143735,45.0329013
45753|Marano_Vicentino|11.4023288,45.6724585,11.4609236,45.7200686
45110|Campodoro|11.7274638,45.4744003,11.7733677,45.5219921
45670|Brenzone_sul_Garda|10.6891227,45.6550005,10.8331722,45.7411910
46186|Mareno_di_Piave|12.2975515,45.7879176,12.3867591,45.8722092
44329|Pozzonovo|11.7718810,45.1373692,11.8447571,45.2126756
45594|Monastier_di_Treviso|12.3924336,45.6376306,12.4893099,45.6894262
44216|Vescovana|11.6729393,45.0955874,11.7755238,45.1427014
44745|Ponte_San_Nicolò|11.8937141,45.3219144,11.9490385,45.3832293
44828|Saonara|11.9538836,45.3491880,12.0124166,45.4014281
47236|Auronzo_di_Cadore|12.1907359,46.4961545,12.5074878,46.6330285
1651600|Mason_Vicentino|11.5863017,45.6896728,11.6498502,45.7327397
1650897|Arsiero|11.2494129,45.7979152,11.3774166,45.8942055
45549|Castelfranco_Veneto|11.8677727,45.6130550,11.9970766,45.7078612
45871|Malcesine|10.7635183,45.7068824,10.8878111,45.8337786
1653090|Sarcedo|11.4943554,45.6563088,11.5516957,45.7232077
45159|Vicenza|11.4874802,45.4840913,11.6149608,45.6091070
45806|Rosà|11.7067502,45.6919946,11.7895016,45.7406161
46180|San_Polo_di_Piave|12.3481892,45.7575784,12.4215964,45.8194967
44568|Piove_di_Sacco|12.0035040,45.2540529,12.1138265,45.3325419
46305|San_Nazario|11.6588739,45.8318565,11.7457067,45.9030131
46794|Tambre|12.3758239,46.0413533,12.4970858,46.1532890
44934|Nanto|11.5380969,45.4002157,11.6453204,45.4527448
46248|Castelcucco|11.8638817,45.8136113,11.9179094,45.8449345
44140|Villadose|11.8550996,45.0541667,11.9697722,45.1083605
45441|San_Pietro_in_Gu|11.6410863,45.5881947,11.7026797,45.6413143
45834|Riese_Pio_X|11.8576625,45.6882411,11.9617354,45.7565665
45997|Ormelle|12.3851884,45.7334525,12.4568877,45.8103325
44236|Chioggia|12.1533411,45.1044732,12.3330260,45.3323205
45322|Santa_Giustina_in_Colle|11.8692310,45.5460018,11.9266744,45.6130550
44535|Roverchiara|11.1941011,45.2347931,11.2780318,45.2901370
44494|San_Pietro_Viminario|11.7901457,45.2172935,11.8528077,45.2658509
45406|Brogliano|11.2830528,45.5769567,11.3820256,45.6026746
47040|Soverzene|12.2908624,46.1919328,12.3907133,46.2282529
45973|Povegliano|12.1522447,45.7361267,12.2302285,45.7721722
45299|Mogliano_Veneto|12.1821106,45.5305987,12.3435820,45.6048321
1650221|Lusiana|11.5258391,45.7654143,11.6017806,45.8384971
47194|Borca_di_Cadore|12.0988105,46.4149964,12.2617269,46.4538423
44511|Terrassa_Padovana|11.8810338,45.2296008,11.9728073,45.2680943
1650222|Roana|11.3826430,45.8108013,11.4898589,45.9542413
45890|Chiarano|12.5267980,45.7084312,12.6115400,45.7552694
44288|Anguillara_Veneta|11.8338245,45.1283396,11.9688027,45.1688744
45724|Carbonera|12.2723929,45.6667585,12.3429494,45.7489788
44161|Castagnaro|11.3697400,45.0530672,11.4468893,45.1326518
45080|Bussolengo|10.7778120,45.4399514,10.9072646,45.4977946
45489|Monticello_Conte_Otto|11.5598465,45.5803587,11.5996358,45.6252715
45067|Grisignano_di_Zocco|11.6579885,45.4597319,11.7503535,45.5020841
46190|Fossalta_di_Portogruaro|12.8606293,45.7356942,12.9692898,45.8205421
44924|Mossano|11.5263500,45.3922319,11.6345104,45.4422129
46169|Cinto_Caomaggiore|12.7437496,45.7894692,12.8112408,45.8546002
44691|Povegliano_Veronese|10.8617529,45.3098981,10.9210559,45.3698267
43943|Villanova_Marchesana|11.9265019,44.9747412,12.0045184,45.0312126
44493|Bovolone|11.0638046,45.2234196,11.1696564,45.3185762
44464|Angiari|11.2370970,45.2054780,11.2982512,45.2462031
44744|Albignasego|11.8224409,45.3269168,11.9252416,45.3838547
1651597|Bassano_del_Grappa|11.6450605,45.7231486,11.7629241,45.8218821
45030|Brendola|11.4163671,45.4353142,11.4960793,45.4911461
46539|Miane|12.0383688,45.9045485,12.1368368,45.9823375
45326|Trissino|11.2911340,45.5391401,11.3938281,45.5888837
44991|Veggiano|11.6832291,45.3994105,11.7446284,45.4605755
45610|Villaverla|11.4530403,45.6205256,11.5338391,45.6726865
46677|Sarmede|12.3653685,45.9590838,12.4151441,46.0226149
45233|Marano_di_Valpolicella|10.8934523,45.5227288,10.9419931,45.5903445
45385|San_Giorgio_in_Bosco|11.7536070,45.5545146,11.8497558,45.6218453
45009|Sarego|11.3320675,45.3956746,11.4495075,45.6785734
44016|Adria|11.9432601,44.9954500,12.1644544,45.1191734
1651598|Campolongo_sul_Brenta|11.6421693,45.8115761,11.7127106,45.8419957
47057|Rivamonte_Agordino|11.9945992,46.2116536,12.0861580,46.2731044
45449|Altissimo|11.2181272,45.5908018,11.2842145,45.6573993
45748|Tezze_sul_Brenta|11.6863134,45.6638684,11.7958062,45.7070269
44324|Merlara|11.4081830,45.1407155,11.5264211,45.1875452
46440|Valdobbiadene|11.9498410,45.8588639,12.0784899,45.9737360
44419|Boschi_Sant_Anna|11.3397570,45.1875500,11.3906906,45.2264392
44024|Rovigo|11.6762202,45.0128886,11.9190841,45.1295787
44243|Sant_Urbano|11.5666190,45.1083488,11.6897308,45.1652850
44994|Montegalda|11.6196320,45.4289856,11.7023166,45.4853409
44379|Solesino|11.7178050,45.1568782,11.7844106,45.1936647
44378|Sant_Elena|11.6861457,45.1662152,11.7283617,45.2030109
45458|Valdagno|11.2262316,45.5993566,11.3325912,45.6907475
1653091|Valli_del_Pasubio|11.1731342,45.7136629,11.2956949,45.7882994
47047|Longarone|12.1520474,46.2143178,12.3723723,46.3223020
45927|Altivole|11.8898028,45.7253345,11.9986804,45.7726002
44589|Pernumia|11.7730788,45.2402886,11.8497790,45.2879416
44268|Piacenza_d_Adige|11.5186956,45.1188898,11.5952581,45.1724172
45968|Volpago_del_Montello|12.0800635,45.7399385,12.1769709,45.8406910
44668|Polverara|11.9281394,45.2889209,11.9771440,45.3439338
45018|Montebello_Vicentino|11.3280364,45.4330274,11.4269633,45.4864091
45061|Limena|11.8075025,45.4485040,11.8640396,45.5073076
45450|Preganziol|12.1911940,45.5758069,12.2680349,45.6429110
45887|Trevignano|12.0433268,45.7087469,12.1379343,45.7581965
45130|Montorso_Vicentino|11.3212400,45.4807991,11.3889131,45.5034556
44220|Barbona|11.6385457,45.0982216,11.7163549,45.1265445
2202595|Cerea|11.1466098,45.0828853,11.2761780,45.2385933
43878|Taglio_di_Po|12.0937928,44.8180142,12.3906029,45.0279072
1653089|San_Vito_di_Leguzzano|11.3367458,45.6704676,11.4082585,45.6963360
46780|Cesiomaggiore|11.8929697,46.0355539,12.0200348,46.1758684
44920|Soave|11.2153854,45.3980452,11.2743995,45.4758040
47228|Lozzo_di_Cadore|12.3770238,46.4698784,12.4639477,46.5403060
45684|Noventa_di_Piave|12.4947823,45.6464468,12.6011053,45.6911876
45734|Ceggia|12.6017307,45.6553015,12.6863614,45.7104218
44448|Megliadino_San_Fidenzio|11.4986986,45.1946097,11.5589813,45.2592902
43646|Ariano_nel_Polesine|12.0504847,44.7920330,12.4085190,44.9939565
44840|Villaga|11.4837708,45.3584994,11.5675574,45.4246414
45811|Cartigliano|11.6843515,45.6873094,11.7301714,45.7258977
44988|Monteforte_d_Alpone|11.2612862,45.4092418,11.3245464,45.4661702
44636|Battaglia_Terme|11.7575637,45.2713846,11.7934237,45.3115406
45165|Torri_di_Quartesolo|11.6007578,45.4976637,11.6586113,45.5533142
45440|Caldogno|11.4864230,45.5789487,11.5455187,45.6452891
45545|Bressanvido|11.6160102,45.6206340,11.6622424,45.6558696
45828|Villorba|12.2067454,45.6861115,12.2909410,45.7681836
43827|Occhiobello|11.5491807,44.8879578,11.6574197,44.9510710
45959|Maserada_sul_Piave|12.2879259,45.7199163,12.3955119,45.7857202
45006|Pianiga|11.9764338,45.4292132,12.0949919,45.4762673
1651605|Pove_del_Grappa|11.7141368,45.7853388,11.7666103,45.8741517
44547|Bovolenta|11.9060396,45.2406578,12.0108186,45.2989096
45108|Zermeghedo|11.3589289,45.4686950,11.3929887,45.4857874
45280|Grezzana|10.9727937,45.5084250,11.0732558,45.6159020
45650|Galliera_Veneta|11.7992502,45.6529976,11.8487742,45.6872298
47220|Lorenzago_di_Cadore|12.4425578,46.4248517,12.5312792,46.4883251
44897|Barbarano_Vicentino|11.5084285,45.3739554,11.6219083,45.4452473
45516|Brentino_Belluno|10.8445279,45.6061487,10.9260864,45.7173310
45528|Tombolo|11.8030724,45.6089484,11.8431631,45.6572652
45208|San_Giorgio_delle_Pertiche|11.8542544,45.5104162,11.9318053,45.5593284
46441|Godega_di_Sant_Urbano|12.3700184,45.8787865,12.4763638,45.9373389
44427|Carceri|11.5923455,45.1752453,11.6493319,45.2108914
45320|Eraclea|12.6348238,45.5324320,12.8172423,45.6515920
44805|Fossò|12.0225235,45.3523233,12.0632429,45.4049677
44011|Gavello|11.8990567,44.9960614,12.0136280,45.0543365
46168|Borso_del_Grappa|11.7430653,45.7919558,11.8229492,45.8720327
1651602|Mussolente|11.7791727,45.7404331,11.8363025,45.8012158
44032|Loreo|12.1366796,45.0215446,12.2469509,45.1083143
45423|Torri_del_Benaco|10.6274140,45.5804370,10.7377474,45.6634153
1650906|Valdastico|11.3090671,45.8358055,11.4076621,45.9290884
1650899|Chiuppano|11.4462278,45.7501015,11.4984752,45.7710345
45022|Arcugnano|11.4862343,45.4413723,11.5939468,45.5160794
46203|Santa_Lucia_di_Piave|12.2639079,45.7879466,12.3139334,45.8671915
47259|Danta_di_Cadore|12.4863875,46.5425792,12.5291877,46.5823677
47151|Cibiana_di_Cadore|12.2280109,46.3505303,12.3147375,46.4013446
1650219|Foza|11.5851498,45.8663495,11.6789401,45.9433597
44564|Arzergrande|12.0311113,45.2467953,12.0914342,45.2823773
45286|Marcon|12.2745924,45.5318238,12.3856393,45.5766222
45403|Cerro_Veronese|11.0077655,45.5497295,11.0626909,45.5886549
45646|Montecchio_Precalcino|11.5111551,45.6489083,11.5784312,45.6896662
44704|Campiglia_dei_Berici|11.5241209,45.3104065,11.5668296,45.3532640
43823|Canaro|11.6312114,44.9069696,11.7440313,44.9745749
45508|San_Martino_di_Lupari|11.8223563,45.6029293,11.8982078,45.6868210
46524|Quero_Vas|11.8364798,45.9073038,12.0009462,45.9895074
45538|San_Zeno_di_Montagna|10.7135206,45.6162045,10.8195294,45.6829315
1250131|Legnago|11.2452354,45.0780613,11.3675986,45.2310627
45105|Lazise|10.6388797,45.4418659,10.7842185,45.5206995
45820|Marostica|11.5871878,45.7014439,11.6954329,45.7989203
43971|Pontecchio_Polesine|11.7809637,44.9969216,11.8479664,45.0329334
45460|Isola_Vicentina|11.4051531,45.5898513,11.4905406,45.6502029
45738|Schiavon|11.6206442,45.6644518,11.6722085,45.7042275
46303|Sernaglia_della_Battaglia|12.1067029,45.8374186,12.1840131,45.8876371
43932|Castelguglielmo|11.4956661,44.9797787,11.5965179,45.0433888
44722|Orgiano|11.4283176,45.3237914,11.4956626,45.3718684
45700|Paese|12.1086913,45.6561930,12.1959143,45.7437397
46341|Vidor|12.0274006,45.8444949,12.0758159,45.8949346
45981|Lugo_di_Vicenza|11.4968538,45.7391533,11.5502534,45.8153468
46212|Teglio_Veneto|12.8559642,45.8008790,12.9319345,45.8336748
45917|Santorso|11.3598494,45.7206751,11.4276850,45.7616093
45438|Velo_Veronese|11.0818602,45.5733420,11.1368459,45.6496529
44760|Lonigo|11.3325148,45.3371751,11.4566861,45.4391144
43918|Bagnolo_di_Po|11.4587495,44.9763460,11.5454360,45.0364399
46555|Vittorio_Veneto|12.2437950,45.9128700,12.3621467,46.0828957
1650905|Tonezza_del_Cimone|11.2859764,45.8205468,11.3601377,45.8763066
46144|Meduna_di_Livenza|12.5894929,45.7822358,12.6622458,45.8386506
1650908|Velo_d_Astico|11.3042123,45.7606253,11.4088551,45.8092397
44602|Veronella|11.2714220,45.2702325,11.3587397,45.3533627
44831|San_Germano_dei_Berici|11.4515101,45.3550803,11.5070930,45.4189360
46054|Caerano_di_San_Marco|11.9784051,45.7504508,12.0209052,45.8087950
47293|San_Pietro_di_Cadore|12.5594592,46.5673292,12.6625507,46.6617774
45877|Ponte_di_Piave|12.3953215,45.7047804,12.5384761,45.7611115
44577|Brugine|11.9624084,45.2565045,12.0174824,45.3300813
44256|Boara_Pisani|11.7608416,45.0992098,11.8420971,45.1494822
47127|Perarolo_di_Cadore|12.3267847,46.3261254,12.4211351,46.4099906
47152|Valle_di_Cadore|12.2264051,46.3532001,12.3618960,46.4498410
44784|San_Giovanni_Lupatoto|11.0113412,45.3268383,11.0723922,45.4062002
45377|Meolo|12.4241342,45.5717720,12.5045339,45.6450614
44885|Selvazzano_Dentro|11.7395943,45.3765139,11.8258845,45.4243658
45281|Roverè_Veronese|11.0439925,45.5369574,11.1120380,45.6717819
47142|Cencenighe_Agordino|11.9273801,46.3249305,12.0037050,46.3693017
47113|Ospitale_di_Cadore|12.2596309,46.2921986,12.3712736,46.3655690
44928|Stra|11.9937030,45.3964974,12.0757612,45.4251894
44106|Villa_Bartolomea|11.3014874,45.0570481,11.4109562,45.1676079
45397|Dolcè|10.8062088,45.5268274,10.9366630,45.6990035
46562|Cison_di_Valmarino|12.1333627,45.9368027,12.2022908,46.0144575
1650898|Caltrano|11.4364641,45.7612743,11.5032213,45.8226331
44098|Villanova_del_Ghebbo|11.6256253,45.0497047,11.6912076,45.0871505
45514|Caprino_Veronese|10.7427426,45.5835189,10.8610999,45.6700568
45797|Cessalto|12.5666667,45.6797700,12.6853155,45.7397427
45402|San_Pietro_Mussolino|11.2368624,45.5777090,11.2717119,45.6013295
44752|Palù|11.0935682,45.3154835,11.3303852,45.3512622
44673|Oppeano|11.0358435,45.2737859,11.2102290,45.3525330
45606|San_Michele_al_Tagliamento|12.9366158,45.6254899,13.1015177,45.8473963
44591|Roveredo_di_Guà|11.4195921,45.2584464,11.4921142,45.2903524
45419|Sant_Anna_d_Alfaedo|10.9064732,45.5805787,10.9868087,45.7017299
46931|San_Gregorio_nelle_Alpi|12.0004108,46.0879330,12.0654542,46.1663843
46224|Gruaro|12.8024789,45.7888602,12.8774809,45.8507528
44611|Albaredo_d_Adige|11.2552744,45.2661600,11.3380730,45.3336556
46351|Codognè|12.3716746,45.8502023,12.4727451,45.8941775
44110|Melara|11.1730151,45.0481614,11.2347123,45.1096864
45240|Rivoli_Veronese|10.7631312,45.5267401,10.8525219,45.6165752
47267|Comelico_Superiore|12.3777551,46.5568531,12.5465418,46.6805244
46745|Limana|12.1328710,46.0119320,12.2550062,46.1207848
44428|Concamarise|11.1226498,45.1834560,11.1622947,45.2278038
45223|Borgoricco|11.9210246,45.5118507,12.0077847,45.5577946
45393|Costabissara|11.4544387,45.5690722,11.5186263,45.6139526
43870|Fiesso_Umbertiano|11.5511369,44.9376750,11.6616384,44.9891397
46761|Pedavena|11.8211208,46.0113760,11.8993172,46.0803183
46202|Cornuda|11.9583370,45.8058338,12.0329947,45.8497753
46348|Gaiarine|12.4557500,45.8542442,12.5369684,45.9268021
45701|Ferrara_di_Monte_Baldo|10.8148747,45.6467232,10.8773153,45.7185019
1650218|Enego|11.5590130,45.8890932,11.7266539,45.9692851
44467|Montagnana|11.3909418,45.2019387,11.5619015,45.2661122
1651603|Nove|11.6557069,45.6943361,11.6965625,45.7369747
45476|Zero_Branco|12.0834723,45.5739834,12.1936938,45.6323344
44906|San_Martino_Buon_Albergo|11.0580778,45.3797809,11.1434267,45.4770924
47062|Taibon_Agordino|11.8820421,46.2478184,12.0673382,46.3798681
46006|Gorgo_al_Monticano|12.5292429,45.7411641,12.6045708,45.8261723
43986|Villamarzana|11.6599015,44.9941221,11.7127416,45.0427461
45775|Recoaro_Terme|11.1358528,45.6540981,11.2896194,45.7318556
44803|Camponogara|12.0553335,45.3487790,12.1238658,45.4049074
44317|Granze|11.6887066,45.1372527,11.7507558,45.1711241
