39955|Caloveto|16.7372705,39.4838958,16.7953200,39.5440055
39974|San_Marco_Argentano|16.0727964,39.5290671,16.2472184,39.6530864
39858|Dipignano|16.2125359,39.1970682,16.2747092,39.2899162
39729|Lamezia_Terme|16.2149679,38.8492654,16.3685711,39.0235388
39593|Oppido_Mamertina|15.9202926,38.2225131,16.0427017,38.3678358
39694|Zambrone|15.9322327,38.6661434,15.9995105,38.7233420
39650|San_Calogero|15.9878535,38.5166408,16.0480391,38.5944076
40171|Castroregio|16.3870397,39.9528586,16.5157744,40.0564319
39617|Palmi|15.8302114,38.3326878,15.9087961,38.4219326
40145|Alessandria_del_Carretto|16.3385556,39.9205918,16.4485617,40.0065254
39559|Scilla|15.6869846,38.1579100,15.8771297,38.2683462
39878|Pallagorio|16.8405363,39.2664204,16.9602496,39.3609339
39789|Cleto|16.1252063,39.0497233,16.1922402,39.1071040
40108|San_Nicola_Arcella|15.7698353,39.8325588,15.8202200,39.8704791
39985|Tarsia|16.2230546,39.5746871,16.3337650,39.6720905
39874|Verzino|16.7899729,39.2599278,16.8930718,39.3535538
39779|Crotone|17.0002353,38.9998439,17.2067100,39.2152984
39642|Mongiana|16.2812601,38.4792093,16.3526145,38.5317197
39844|Mangone|16.2822171,39.1974665,16.3853641,39.2239458
39595|Sant_Eufemia_d_Aspromonte|15.8101857,38.1638747,15.8781102,38.2768408
39705|Olivadi|16.3963836,38.7094590,16.4449855,38.7535036
39938|Cerzeto|16.0627108,39.4591408,16.2224475,39.5481080
39672|Cardinale|16.3695888,38.5935137,16.4370207,38.6735443
40255|Rocca_Imperiale|16.5287463,40.0561989,16.6471039,40.1341158
40088|Francavilla_Marittima|16.3164385,39.7637456,16.4530554,39.8514928
39654|Dasà|16.1435500,38.5532634,16.2174101,38.5795766
39920|Crucoli|16.9543323,39.3899527,17.0534852,39.4833937
39818|Carpanzano|16.2855846,39.1365603,16.3781326,39.1609256
39840|Santo_Stefano_di_Rogliano|16.3015031,39.1874664,16.4476496,39.2199782
39875|Trenta|16.2836649,39.2737611,16.3287414,39.2919027
40096|San_Basile|16.1361576,39.7671811,16.2228704,39.8214089
39611|Taurianova|15.9348226,38.3396303,16.0489584,38.4082689
39918|Rose|16.2554600,39.3743411,16.4056168,39.4234551
39758|Gizzeria|16.1476449,38.9263287,16.2302540,39.0109546
39700|Soverato|16.5064965,38.6786976,16.5594268,38.7072086
39621|San_Giovanni_di_Gerace|16.2689297,38.3544748,16.2986784,38.4291897
39866|Cerisano|16.1274783,39.2597514,16.2038443,39.2992223
39648|Serra_San_Bruno|16.2627964,38.5165138,16.3731276,38.5902722
39885|San_Lucido|16.0434635,39.2815039,16.1320050,39.3376019
39663|Rombiolo|15.9499555,38.5788560,16.0313402,38.6321010
39599|San_Procopio|15.8715091,38.2702174,15.9230247,38.3407446
39673|Sant_Andrea_Apostolo_dello_Ionio|16.4498519,38.5798230,16.5657274,38.6431518
39731|Simeri_Crichi|16.6222099,38.8518379,16.7107967,38.9679220
39718|Jacurso|16.3426925,38.7629659,16.4004044,38.8622680
39949|Cariati|16.9009674,39.4638184,17.0256917,39.5189394
39469|Motta_San_Giovanni|15.6457492,37.9505813,15.7577864,38.0477915
39424|Melito_di_Porto_Salvo|15.7412861,37.9161309,15.8210191,38.0043223
39740|Cropani|16.7348222,38.9047274,16.8370515,39.0049380
39588|Campo_Calabro|15.6469654,38.2010615,15.6950972,38.2342564
39900|San_Fili|16.0977690,39.2992140,16.1656810,39.3624808
39666|Spilinga|15.8824990,38.5934231,15.9606401,38.6356177
39590|Antonimina|16.1125408,38.2391212,16.2054068,38.3258379
39946|San_Martino_di_Finita|16.0719329,39.4590286,16.2008336,39.4995390
39857|Carolei|16.1782908,39.2192538,16.2361897,39.2882350
39735|Sellia_Marina|16.6742317,38.8642088,16.8023284,38.9681415
39600|Melicuccà|15.8385788,38.2681122,15.8976424,38.3226960
39633|Maropati|16.0561568,38.4355810,16.1402233,38.4630269
39714|Gasperina|16.4700382,38.7212281,16.5342255,38.7615873
39685|Cessaniti|16.0003679,38.6482927,16.0695542,38.7038736
40134|San_Lorenzo_Bellizzi|16.2370381,39.8662235,16.3661971,39.9369864
39762|Fossato_Serralta|16.5056136,38.9856397,16.6056321,39.0183724
39601|Grotteria|16.2360537,38.2908425,16.3258059,38.4483756
40113|Papasidero|15.8489980,39.8269639,15.9604760,39.9165456
39709|Centrache|16.4085939,38.7193575,16.4658374,38.7594953
39540|Samo|15.9052861,38.0620128,16.0806434,38.1608686
39607|Mammola|16.1533314,38.3152903,16.2607343,38.4404571
39977|Santa_Sofia_d_Epiro|16.2545438,39.5382929,16.3625521,39.6139012
39768|Platania|16.2838668,38.9884017,16.3604461,39.0420902
39713|Polia|16.2557083,38.7259106,16.3704931,38.7708283
39882|Marano_Principato|16.1264472,39.2741835,16.1931184,39.3120239
39692|San_Nicola_da_Crissa|16.2488131,38.6528554,16.3454335,38.6963515
39564|Laganadi|15.7284148,38.1686826,15.7844234,38.2084697
39901|Cirò|16.9767381,39.3288476,17.0995553,39.4404469
39781|Carlopoli|16.4086459,39.0204808,16.4825831,39.0743745
39547|Cardeto|15.7432419,38.0625768,15.8695380,38.1288877
39645|Candidoni|15.9291795,38.4981488,16.1285872,38.5536833
39699|Petrizzi|16.4372081,38.6787242,16.5234635,38.7259826
39678|Vazzano|16.1816393,38.6213713,16.3048574,38.6615214
39897|Lappano|16.2687448,39.3132162,16.3706525,39.3449629
44868|Limbadi|15.9492621,38.5175201,16.0130002,38.5990486
39743|Belcastro|16.7482470,38.9260984,16.9213870,39.0473205
39806|Grimaldi|16.2013593,39.0944947,16.2470847,39.1802284
40206|Roseto_Capo_Spulico|16.5296353,39.9649608,16.6303652,40.0272139
39494|Roccaforte_del_Greco|15.8571542,38.0300186,15.9162474,38.1621721
39693|Briatico|15.9689838,38.6610470,16.0732908,38.7277636
39847|Cellara|16.3215559,39.2091441,16.3909464,39.2237227
40048|Maierà|15.8316279,39.6830470,15.9238364,39.7234646
39484|Africo|15.9015036,38.0095566,16.1490679,38.1576209
39720|Stalettì|16.5158342,38.7417277,16.5710088,38.7822831
39613|Caulonia|16.3100753,38.3307384,16.4881823,38.4787654
39941|Pietrapaola|16.7089854,39.4461303,16.8619188,39.5623732
39592|Locri|16.1979032,38.2052697,16.2822187,38.2683995
39604|Cittanova|16.0040365,38.2953667,16.1434577,38.4500320
39930|San_Benedetto_Ullano|16.0807830,39.4026306,16.1637336,39.4435662
39923|Scala_Coeli|16.8379553,39.3952026,16.9580086,39.5259307
39871|Casole_Bruzio|16.3086383,39.2703106,16.3435206,39.2987254
39952|Mongrassano|16.0485010,39.4832867,16.2361199,39.5661308
39906|Umbriatico|16.8708191,39.3225715,17.0114208,39.4143039
39770|Taverna|16.4798589,39.0139929,16.6817245,39.1952519
39671|Soriano_Calabro|16.1600765,38.5947381,16.2540982,38.6411279
39725|Borgia|16.4748027,38.7907884,16.6108235,38.8488600
39649|Dinami|16.0799962,38.4966951,16.2311125,38.5902106
39664|Filandari|15.9666517,38.5895985,16.0598978,38.6497112
39807|Colosimi|16.3616475,39.1048409,16.5136198,39.1556704
39704|San_Vito_sullo_Ionio|16.3384704,38.6995269,16.4419970,38.7369460
39609|Roccella_Ionica|16.3015906,38.3059832,16.4436859,38.4335045
39630|Placanica|16.4070514,38.3851366,16.4746775,38.4644276
39538|Casignana|16.0484945,38.0961136,16.1617062,38.1366292
39851|Figline_Vegliaturo|16.3057540,39.2138947,16.3419758,39.2351821
39459|Brancaleone|16.0340840,37.9261952,16.1162038,38.0087480
39643|Acquaro|16.1507756,38.4921250,16.2524456,38.5649640
39667|Joppolo|15.8566871,38.5609099,15.9328487,38.6197317
39744|Tiriolo|16.4802864,38.8911316,16.5576089,38.9774509
39940|Terravecchia|16.9143293,39.4379910,17.0022729,39.4852148
39585|Fiumara|15.6800383,38.2039317,15.7194898,38.2328366
40078|Orsomarso|15.8285261,39.7619734,16.0262893,39.8473795
39703|Montepaone|16.4530546,38.7053284,16.5468038,38.7425779
39824|Belsito|16.2650959,39.1465519,16.2999427,39.2013146
39475|Bruzzano_Zeffirio|16.0244359,37.9816717,16.1260648,38.0550515
39690|Filogaso|16.1766783,38.6592641,16.2705854,38.7038122
39594|Varapodio|15.9361351,38.2418265,16.0663125,38.3634779
39612|Gioiosa_Ionica|16.2811376,38.3156710,16.3530313,38.4040521
39899|Paola|16.0210435,39.3235266,16.0983979,39.3992266
39763|Magisano|16.6056484,38.9880326,16.6765637,39.0732825
39581|Careri|15.9916779,38.1521675,16.1207872,38.2157561
39460|Bova|15.9043202,37.9634987,16.0004626,38.0523408
39894|Zumpano|16.2577230,39.3002600,16.3005809,39.3383053
39886|Spezzano_della_Sila|16.3292576,39.2953848,16.6061077,39.3961878
39845|Longobardi|16.0589048,39.1849831,16.1351946,39.2235278
39799|Motta_Santa_Lucia|16.2512003,39.0443305,16.3509744,39.1136405
39589|Ciminà|16.0584007,38.2284067,16.1865947,38.2991273
39598|Bagnara_Calabra|15.7713832,38.2520949,15.8585632,38.3160223
39747|Isola_di_Capo_Rizzuto|16.9835744,38.8917151,17.1709149,39.0264902
39741|Amato|16.4145318,38.9127467,16.4743566,38.9886692
39732|Caraffa_di_Catanzaro|16.4474194,38.8565778,16.5646559,38.9013292
39710|Montauro|16.4933113,38.7313586,16.5582926,38.7689862
39626|Giffone|16.1049799,38.4216642,16.2059842,38.4475086
40160|Amendolara|16.4973115,39.9079399,16.6303652,40.0036759
39548|Bovalino|16.1255878,38.1257023,16.1935900,38.1837998
39771|Decollatura|16.3145213,39.0107875,16.4363132,39.1042645
39956|Acquappesa|15.9488892,39.4684386,16.0516896,39.5285714
39739|Pianopoli|16.3596440,38.9011736,16.4227148,38.9728922
39616|Stignano|16.4547586,38.3542792,16.5177872,38.4416813
39726|San_Pietro_a_Maida|16.2753387,38.8291775,16.3608955,38.8763081
39968|Corigliano_Calabro|16.3336668,39.4851769,16.5742232,39.7254415
39575|San_Roberto|15.7097873,38.1785585,15.8522234,38.2328507
39921|Fuscaldo|15.9924560,39.3856893,16.0881347,39.4871225
39754|Sellia|16.6100107,38.9544142,16.6609815,38.9970134
44865|Gioia_Tauro|15.8755754,38.3802124,15.9658624,38.4739250
39987|Bonifati|15.8652529,39.5413327,15.9940370,39.5987739
39787|Amantea|16.0660021,39.0497876,16.1292323,39.1543794
39608|Canolo|16.1378909,38.2863763,16.2226244,38.3563917
40034|Diamante|15.8091914,39.6687826,15.8431871,39.7315810
39683|Torre_di_Ruggiero|16.3263475,38.6210220,16.3944172,38.7029920
39419|San_Lorenzo|15.7868247,37.9183897,15.8782345,38.1156755
39653|Brognaturo|16.3377643,38.5538951,16.4347613,38.6127557
40138|Albidona|16.4048365,39.8781643,16.5784166,39.9628551
39509|Caraffa_del_Bianco|16.0837824,38.0382010,16.1200067,38.1013227
39933|Lattarico|16.0707452,39.4317967,16.2503423,39.4820574
39872|Melissa|16.9685846,39.2687305,17.1140988,39.3408011
40010|Roggiano_Gravina|16.0979179,39.5908142,16.2536434,39.6652703
39686|Davoli|16.4160516,38.6120394,16.5575459,38.6715915
40029|Buonvicino|15.8333323,39.6598705,15.9496637,39.7051106
39827|Lago|16.1094459,39.1169358,16.2099830,39.2194799
39852|Fiumefreddo_Bruzio|16.0560775,39.2157403,16.1435576,39.2715171
39674|Ricadi|15.8259623,38.6032174,15.8871151,38.6722917
39937|Rota_Greca|16.0680762,39.4469103,16.1343603,39.4812605
39887|Celico|16.3090183,39.2926834,16.5389505,39.4532100
39862|Cerenzia|16.7679378,39.2334477,16.8566745,39.2794976
39811|Santa_Severina|16.8447811,39.1104448,16.9889728,39.1946846
39719|Squillace|16.4683505,38.7653043,16.5892335,38.8179122
40100|Morano_Calabro|16.0121467,39.8157553,16.1884841,39.9210721
40079|Scalea|15.7745936,39.7625702,15.8316180,39.8396763
39993|Santa_Caterina_Albanese|16.0589055,39.5644214,16.1202951,39.6256852
40041|San_Donato_di_Ninea|15.9513288,39.6609596,16.1243619,39.7731975
39757|Serrastretta|16.3565841,38.9240858,16.4468715,39.0187533
40055|Saracena|16.0107035,39.7167967,16.2446525,39.8314421
39909|San_Vincenzo_La_Costa|16.1076294,39.3493133,16.1943539,39.3906771
39622|Camini|16.4681507,38.4039092,16.5683494,38.4451929
40031|San_Lorenzo_del_Vallo|16.2256064,39.6587579,16.3090264,39.7120236
39721|Filadelfia|16.2571724,38.7615726,16.3619354,38.8244201
39707|Monterosso_Calabro|16.2420527,38.7064016,16.3436469,38.7474363
40170|Oriolo|16.3993910,39.9625243,16.5373392,40.1254306
39677|Zungri|15.9383476,38.6154327,16.0296442,38.6688511
39712|Palermiti|16.4182837,38.7367299,16.5004248,38.7755696
40049|Castrovillari|16.1747866,39.7110677,16.3013018,39.9093364
39767|Sorbo_San_Basile|16.4713122,38.9989355,16.5775042,39.1092514
39833|Domanico|16.1614122,39.1712880,16.2371337,39.2386616
39802|San_Pietro_in_Amantea|16.0960157,39.0848382,16.1250849,39.1522672
39780|Soveria_Mannelli|16.3636907,39.0332297,16.4347568,39.1060998
39716|Cortale|16.3641026,38.7526608,16.4701191,38.8781136
39928|Luzzi|16.2215105,39.4104516,16.3738024,39.4898230
39578|Delianuova|15.8979765,38.1856211,15.9540570,38.2664982
40019|Terranova_da_Sibari|16.3039678,39.6208562,16.4231036,39.7068676
39990|Vaccarizzo_Albanese|16.4234997,39.5629675,16.4488079,39.6189706
39805|Pedivigliano|16.2596252,39.0959202,16.3842372,39.1262822
40026|Spezzano_Albanese|16.2802284,39.6516209,16.3631444,39.7223923
39584|Santa_Cristina_d_Aspromonte|15.9438473,38.2017351,16.0083552,38.2870504
39944|Guardia_Piemontese|15.9747637,39.4478660,16.0599990,39.5214442
39825|Malito|16.2155366,39.1387249,16.2832459,39.1970682
39983|San_Demetrio_Corone|16.3225634,39.5466422,16.4230367,39.6484928
39879|San_Nicola_dell_Alto|16.9553555,39.2612881,17.0007924,39.3025815
39816|Parenti|16.3882218,39.1321282,16.5294220,39.1953912
40143|Laino_Castello|15.8783729,39.9002056,16.0241910,39.9807320
39646|Arena|16.1954331,38.5054991,16.3128336,38.5749590
39715|Vallefiorita|16.3862545,38.7432928,16.4758397,38.7965507
40220|Montegiordano|16.5137085,40.0131201,16.6069642,40.0787105
40056|Cassano_allo_Ionio|16.2843282,39.7007428,16.5302071,39.8187268
39772|Nocera_Terinese|16.0947180,39.0050018,16.2326887,39.0601927
39638|San_Ferdinando|15.9090534,38.4615154,15.9672122,38.5051605
39605|Marina_di_Gioiosa_Ionica|16.2980459,38.2948176,16.3543811,38.3599169
39687|Sant_Onofrio|16.1307462,38.6491958,16.2112580,38.7112264
39668|Simbario|16.2829310,38.5948425,16.3765847,38.6431235
39745|Sersale|16.6384862,38.9058945,16.7850158,39.1048314
39753|Andali|16.7544933,38.9541770,16.8529254,39.0291618
39864|Pietrafitta|16.3051598,39.2492029,16.3873099,39.2686814
39669|Francica|16.0855483,38.5914482,16.1588571,38.6421869
39842|Belvedere_di_Spinello|16.8760281,39.1750308,16.9653798,39.2442442
39623|Stilo|16.3452370,38.4238391,16.5716817,38.5738018
39697|Chiaravalle_Centrale|16.3427622,38.6651820,16.4514944,38.7129851
39891|Carfizzi|16.9535251,39.2967283,17.0580160,39.3564833
39503|Reggio_di_Calabria|15.6302092,37.9918222,15.8650427,38.2141230
39975|Cervicati|16.1173435,39.5332499,16.2277749,39.5733931
39936|Mandatoriccio|16.8131278,39.4485603,16.9026101,39.5451751
39727|Catanzaro|16.5390259,38.8163597,16.6865986,38.9685834
39902|San_Pietro_in_Guarano|16.2605038,39.3300331,16.4122022,39.3948200
39582|Portigliola|16.1871419,38.2002580,16.2388440,38.2432158
40053|Lungro|16.0259571,39.7040549,16.1675893,39.7840932
39586|Villa_San_Giovanni|15.6291609,38.2029022,15.7184169,38.2482107
39634|Rosarno|15.9184007,38.4331619,16.0359928,38.5086251
39880|Rovito|16.2856698,39.2852691,16.3706525,39.3371592
39911|Bocchigliero|16.6536648,39.3239018,16.7965904,39.4657365
39627|Nardodipace|16.2887705,38.4288750,16.3929103,38.5006608
39850|Casabona|16.8892159,39.1970663,17.0135466,39.2917436
39702|Maierato|16.1525119,38.6977841,16.2793351,38.7622360
39639|Laureana_di_Borrello|15.9976223,38.4724129,16.1724074,38.5260900
39562|Sant_Alessio_in_Aspromonte|15.7455169,38.1679473,15.7748364,38.1894719
39631|Pazzano|16.3826926,38.4416325,16.4639654,38.4953102
39730|Maida|16.2963477,38.8374441,16.4807662,38.9106939
39976|Calopezzati|16.7450400,39.5350758,16.8341788,39.5890915
39835|Rogliano|16.3113058,39.1527846,16.4851616,39.1993631
39883|Spezzano_Piccolo|16.3312556,39.2816771,16.6172921,39.3831076
39722|Girifalco|16.3814036,38.7535504,16.4811155,38.8508045
39812|Scigliano|16.2622494,39.1113731,16.3715990,39.1401988
39602|Molochio|16.0109747,38.2589986,16.1113627,38.3449056
39791|Panettieri|16.4362914,39.0523332,16.4819103,39.1085956
39597|Siderno|16.2377541,38.2509794,16.3207555,38.3213083
39615|San_Giorgio_Morgeto|16.0671819,38.3381034,16.1749389,38.4035828
39988|Sant_Agata_di_Esaro|15.9200792,39.5767060,16.0437595,39.6627970
39969|Rossano|16.5449084,39.5036034,16.7742967,39.6396936
39839|Paterno_Calabro|16.2367901,39.1821863,16.3061636,39.2436618
40159|Laino_Borgo|15.8857977,39.9220852,16.0347145,40.0020760
39618|Polistena|16.0244055,38.3944239,16.0936013,38.4306022
39733|Settingiano|16.4872174,38.8780139,16.5525245,38.9308969
39511|Bagaladi|15.7823366,38.0092111,15.8754942,38.1181981
40149|Tortora|15.7551628,39.9079169,15.8988498,40.0052950
39423|Palizzi|15.9722016,37.9157947,16.0652679,38.0067430
39684|Vallelonga|16.2433856,38.6256011,16.3458795,38.6669647
39427|Bova_Marina|15.8986666,37.9184786,15.9774276,37.9780209
39817|Petilia_Policastro|16.6694454,39.0488368,16.9091865,39.1636390
39556|Cosoleto|15.8826707,38.1511020,15.9451230,38.3159403
39925|Acri|16.2858611,39.4158277,16.5429658,39.5807173
39873|Serra_Pedace|16.3426145,39.2756079,16.5967686,39.3467419
39865|Pedace|16.3194210,39.2364266,16.5495493,39.2965541
39657|Badolato|16.4280497,38.5513425,16.5739122,38.5951745
39991|San_Giorgio_Albanese|16.4439000,39.5609135,16.4827587,39.6477337
40099|Civita|16.2645628,39.7961676,16.3688813,39.9057872
39773|Marcedusa|16.8283953,38.9851086,16.8966905,39.0466120
39948|Torano_Castello|16.1215844,39.4760038,16.2208500,39.5347864
39557|Santo_Stefano_in_Aspromonte|15.7701775,38.1538150,15.8717582,38.1922852
39440|Montebello_Ionico|15.6934632,37.9252994,15.7895659,38.0643766
39962|Paludi|16.6288688,39.4948026,16.7240278,39.5735024
39841|Castelsilano|16.7517655,39.1939665,16.9037410,39.2964111
39947|Bisignano|16.2113948,39.4790053,16.3560618,39.5748630
39436|Roghudi|15.7597927,37.9233038,15.9530645,38.1621721
39832|Rocca_di_Neto|16.9324045,39.1637034,17.0943338,39.2169921
39794|Serra_d_Aiello|16.1106336,39.0727221,16.1394685,39.1032748
39804|Altilia|16.2414659,39.1003049,16.2862003,39.1503456
39635|Feroleto_della_Chiesa|16.0308081,38.4591534,16.0937672,38.4816740
40269|Nocara|16.4157522,40.0698226,16.5173777,40.1449242
40122|Plataci|16.3613910,39.8552906,16.4790583,39.9490073
39596|Gerace|16.1355083,38.2520577,16.2520320,38.3298951
39620|Cinquefrondi|16.0714172,38.3841104,16.1892392,38.4351679
39760|Mesoraca|16.6390981,38.9566987,16.9252486,39.1373680
39957|Cropalati|16.6642579,39.4820218,16.7543247,39.5752043
40080|Villapiana|16.4416015,39.7834931,16.5194765,39.8765507
39661|San_Sostene|16.4150973,38.5832908,16.5592851,38.6560208
39801|Scandale|16.9435182,39.0896609,17.0522087,39.1805136
39828|Cotronei|16.6138221,39.1355439,16.8240949,39.2067927
39479|Staiti|15.9993915,37.9736715,16.0849681,38.0208649
39995|Crosia|16.7562867,39.5570212,16.8184499,39.6202842
300932|Sorianello|16.2288738,38.5790003,16.3053221,38.6098352
39561|Sinopoli|15.8584288,38.1541358,15.9243639,38.3242430
40028|Altomonte|16.1003384,39.6523255,16.2631679,39.7198457
40018|San_Sosti|15.9496637,39.6414460,16.1475201,39.6979547
39680|Drapia|15.8713592,38.6233352,15.9561369,38.6733613
39651|Mileto|16.0357698,38.5439304,16.1385192,38.6228190
39681|San_Gregorio_d_Ippona|16.0705444,38.6305844,16.1425126,38.6684752
39426|Condofuri|15.8404406,37.9193886,15.9326708,38.0386870
40070|Santa_Maria_del_Cedro|15.7997031,39.7349292,15.8787803,39.7740834
39728|San_Floro|16.4558601,38.8345529,16.5777412,38.8644951
40054|Firmo|16.1584401,39.7025594,16.2160474,39.7439071
39910|Montalto_Uffugo|16.0857481,39.3456307,16.2604857,39.4438510
39849|Strongoli|17.0080657,39.1861605,17.1415347,39.2921420
39583|Calanna|15.6990111,38.1708470,15.7578837,38.2061545
40119|Praia_a_Mare|15.7669152,39.8622191,15.8492257,39.9337061
39783|Petronà|16.6450880,39.0215840,16.8341535,39.1244955
40104|Santa_Domenica_Talao|15.8161540,39.7815247,15.8907986,39.8678508
39756|Pentone|16.5494477,38.9623724,16.6121220,38.9936974
39636|Guardavalle|16.4073054,38.4643776,16.5825434,38.5633159
39984|San_Cosmo_Albanese|16.4045011,39.5685624,16.4451329,39.6318664
39914|Castiglione_Cosentino|16.2574931,39.3452758,16.3133974,39.3811151
39854|Piane_Crati|16.3008328,39.2270760,16.3413006,39.2445061
39775|Conflenti|16.2326921,38.9959760,16.3198467,39.0910737
39624|Anoia|16.0361227,38.4244075,16.1179811,38.4724658
39896|Cirò_Marina|17.0637939,39.3220840,17.1576599,39.4168959
39859|Cosenza|16.2182505,39.2307063,16.3242870,39.3336225
39834|Caccuri|16.7474643,39.1714494,16.8684910,39.2669192
39495|Bianco|16.0997291,38.0255969,16.1597966,38.1148992
39907|Campana|16.7358910,39.3418188,16.9162549,39.4697013
39759|San_Pietro_Apostolo|16.4295582,38.9733940,16.5040993,39.0317248
39688|Satriano|16.4155252,38.6128382,16.5594268,38.6863722
39717|Francavilla_Angitola|16.2125414,38.7480561,16.2879793,38.8111168
39658|Spadola|16.2906252,38.5639154,16.3772652,38.6091287
39579|Sant_Ilario_dello_Ionio|16.1605040,38.1895277,16.2332358,38.2399544
39797|Martirano|16.2136639,39.0374109,16.2778261,39.1044238
39889|Rende|16.1320050,39.2997102,16.2644670,39.4022586
39706|Pizzo|16.1469094,38.7070196,16.2318761,38.8123900
39815|Marzi|16.2947956,39.1362622,16.4006172,39.1946275
40083|Cerchiara_di_Calabria|16.2143859,39.7842370,16.4702934,39.9281327
39701|Capistrano|16.2540486,38.6765935,16.3492304,38.7206253
39610|Terranova_Sappo_Minulio|15.9857755,38.3035058,16.0458256,38.3445007
39606|Seminara|15.8247726,38.3075440,15.9237880,38.3832359
39867|Falconara_Albanese|16.0538928,39.2582193,16.1315900,39.2969093
40097|Mormanno|15.8947043,39.8162943,16.0498373,39.9416441
39614|Martone|16.2809554,38.3468546,16.3221994,38.4401587
39628|Galatro|16.0894739,38.4307198,16.2694594,38.4968856
39580|Scido|15.9310013,38.1934916,15.9717526,38.2708518
39695|Parghelia|15.9063070,38.6623488,15.9692831,38.7027671
39641|Bivongi|16.3904960,38.4773653,16.4879136,38.5364430
39765|Falerna|16.1248708,38.9697666,16.2277225,39.0207765
40142|Aieta|15.7942899,39.8665513,15.8911755,39.9564079
39676|San_Costantino_Calabro|16.0671990,38.6079288,16.1062339,38.6443303
39989|Malvito|15.9943882,39.5668927,16.1372044,39.6432848
39746|Miglierina|16.4309501,38.9257854,16.4908317,39.0010099
39884|Savelli|16.7051696,39.2897080,16.8123972,39.3633071
39670|Pizzoni|16.1766216,38.5973881,16.3059131,38.6458248
39587|Platì|16.0021405,38.1892224,16.1390170,38.2570320
39723|Amaroni|16.4097499,38.7797935,16.4788418,38.8108428
39698|Argusto|16.4112146,38.6628234,16.4623015,38.6970988
39737|Marcellinara|16.4079530,38.8946598,16.5088649,38.9392823
39629|Fabrizia|16.2421266,38.4393088,16.3390022,38.5084008
39843|San_Giovanni_in_Fiore|16.4916131,39.1907613,16.7789214,39.3783837
39566|Ardore|16.1205113,38.1587086,16.2228109,38.2356555
39751|Gimigliano|16.4314982,38.9437156,16.5809292,39.0347530
40016|Belvedere_Marittimo|15.8326610,39.5943955,15.9228381,39.6735800
39724|Curinga|16.2132756,38.7916774,16.3568331,38.8645971
39881|Castrolibero|16.1842537,39.2907014,16.2342137,39.3272778
40052|Acquaformosa|16.0563233,39.6906579,16.1318785,39.7635218
39619|Riace|16.4710977,38.3773104,16.5479485,38.4324252
39742|Botricello|16.8230951,38.9123079,16.8772275,38.9744422
39838|Aprigliano|16.3119989,39.1455724,16.6003185,39.2786170
39764|Cerva|16.6885907,38.9665448,16.8192971,39.0569921
39795|Aiello_Calabro|16.1171797,39.0779619,16.2157833,39.1564787
39662|Isca_sullo_Ionio|16.4364723,38.5674626,16.5694360,38.6146774
39696|Tropea|15.8712126,38.6591526,15.9146016,38.6835025
39774|Martirano_Lombardo|16.1895670,39.0215728,16.2572384,39.0861268
39826|Belmonte_Calabro|16.0627810,39.1484558,16.1331461,39.2130743
39542|San_Luca|15.8439851,38.1035746,16.1267537,38.2650929
39652|Santa_Caterina_dello_Ionio|16.4228670,38.5043833,16.5782766,38.5668742
44864|Rizziconi|15.9115986,38.3643298,16.0282594,38.4567810
39792|Bianchi|16.3940384,39.0611928,16.4790839,39.1428326
39625|Melicucco|16.0243106,38.4246370,16.0714414,38.4736621
39675|Ionadi|16.0420443,38.6109844,16.0790453,38.6616166
40044|Grisolia|15.8054719,39.6815833,15.9907199,39.7459181
40017|Mottafollone|15.9407915,39.6304982,16.1251880,39.6815833
39691|Gagliato|16.4349429,38.6601945,16.4936853,38.6850023
39738|Feroleto_Antico|16.3264722,38.8974064,16.4215685,38.9849784
40098|Frascineto|16.2491123,39.8111914,16.3025609,39.8928668
39487|Ferruzzano|16.0584909,38.0003363,16.1413402,38.0564440
39961|Cetraro|15.8908120,39.4942651,16.0262536,39.5768289
39755|Zagarise|16.6150926,38.9269279,16.7319216,39.1442004
39785|Roccabernarda|16.8165769,38.9964459,16.9660768,39.1813246
39996|Sangineto|15.8616083,39.5784794,15.9563607,39.6432564
39893|Marano_Marchesato|16.1329190,39.2997102,16.1919944,39.3255298
39682|Vibo_Valentia|16.0308211,38.6339290,16.1538647,38.7246269
39679|Stefanaconi|16.1122718,38.6315475,16.1930909,38.6956352
40246|Canna|16.4778805,40.0628778,16.5381332,40.1297233
39644|Serrata|16.0529821,38.4956433,16.1634974,38.5624062
39761|Albi|16.5696818,38.9884368,16.6475445,39.0872755
39752|Soveria_Simeri|16.6582036,38.8953634,16.7245005,38.9740902
39711|Cenadi|16.3582911,38.7114364,16.4317840,38.7594343
39769|Cicala|16.4511952,39.0045806,16.5104193,39.0438299
39689|Zaccanopoli|15.9187262,38.6467598,15.9708361,38.6743454
39846|Mendicino|16.1262493,39.2087738,16.2413930,39.3021736
39603|Agnana_Calabra|16.2132982,38.2886791,16.2495250,38.3281273
39965|Fagnano_Castello|16.0100415,39.5255249,16.0963105,39.5852885
39555|Benestare|16.1006279,38.1293105,16.1758156,38.2081772
39749|Cutro|16.8913412,38.9290157,17.0856582,39.0919728
44867|Nicotera|15.9075671,38.5066986,15.9728287,38.5966206
40068|Verbicaro|15.8663603,39.7379662,16.0246565,39.7839284
39640|San_Pietro_di_Caridà|16.1006337,38.4547417,16.2650741,38.5435740
40123|Trebisacce|16.4778291,39.8448012,16.5778520,39.9090916
39632|Monasterace|16.5293242,38.4277587,16.5832483,38.4713037
39800|San_Mauro_Marchesato|16.8822529,39.0545929,16.9878757,39.1245620
39507|Sant_Agata_del_Bianco|16.0015443,38.0461289,16.0916551,38.1083946
39790|San_Mango_d_Aquino|16.1469016,39.0443884,16.2185295,39.0757223
39916|Longobucco|16.5022269,39.3696270,16.7505668,39.5374988
39660|Gerocarne|16.1383899,38.5508336,16.2927043,38.6324590
