45824|Scanzorosciate|9.7217477,45.6986822,9.8009235,45.7286270
44795|Monzambano|10.6130405,45.3533877,10.7185570,45.4108962
46229|Lecco|9.3673106,45.8121895,9.4856146,45.9056814
44318|Corteolona|9.3453705,45.1399017,9.3907203,45.1839359
46662|Valgoglio|9.8255515,45.9551340,9.9261869,46.0116792
45863|Arosio|9.1989907,45.7087481,9.2288870,45.7352483
44650|Lodi_Vecchio|9.3765558,45.2792273,9.4561962,45.3239514
47033|Tovo_di_Sant_Agata|10.2305781,46.2111009,10.2968973,46.2522351
46200|Lovere|10.0508292,45.8007841,10.0846793,45.8442344
46300|Arcisate|8.8400118,45.8272857,8.8963716,45.8837683
44545|Marudo|9.3516230,45.2463710,9.3965439,45.2652811
45195|Travagliato|10.0377663,45.4952311,10.1150388,45.5435625
45800|Torre_de__Roveri|9.7564189,45.6923222,9.7998945,45.7088140
44090|Bosnasco|9.3443675,45.0458384,9.3892029,45.0677508
44604|Bascapè|9.2933078,45.2703239,9.3573579,45.3276740
45071|Trenzano|9.9700010,45.4527819,10.0355731,45.5173001
44740|Castiglione_delle_Stiviere|10.4497957,45.3288877,10.5434791,45.4191419
44794|Melegnano|9.2982818,45.3435521,9.3395521,45.3689613
44177|Galliavola|8.8004266,45.0761537,8.8485180,45.1136915
45999|Lurago_d_Erba|9.1980434,45.7424243,9.2405152,45.7710466
43857|Rocca_de__Giorgi|9.2304537,44.9310403,9.2741923,44.9774652
46405|Pognana_Lario|9.1450830,45.8700903,9.1842419,45.8938823
46098|Oggiono|9.3102730,45.7743948,9.3740512,45.8087965
44762|Crespiatica|9.5556793,45.3309485,9.5961178,45.3670911
46850|Ponte_in_Valtellina|9.9285870,46.0707554,10.0555809,46.2380675
44292|Drizzona|10.3197804,45.1249932,10.3677037,45.1797253
45899|Grone|9.9019608,45.7167348,9.9558973,45.7451656
45518|Castellanza|8.8642385,45.5919672,8.9363767,45.6264255
44162|Villa_Biscossi|8.7701425,45.0736794,8.8047219,45.0985265
46091|Galbiate|9.3491515,45.7714373,9.3978794,45.8475368
45675|Mozzate|8.9209760,45.6519026,8.9778302,45.7093032
46221|Cantello|8.8690310,45.8102051,8.9162403,45.8465242
46846|Berzo_Demo|10.3081353,46.0807971,10.3875704,46.1254976
44525|Casalbuttano_ed_Uniti|9.9297003,45.2102959,10.0050863,45.2825223
46021|Beregazzo_con_Figliaro|8.9328535,45.7550300,8.9693002,45.7864873
44496|Secugnago|9.5724285,45.2170067,9.6204657,45.2447201
46954|Edolo|10.2281870,46.1397721,10.5163232,46.2133799
45230|Pogliano_Milanese|8.9669566,45.5208546,9.0136735,45.5525148
44232|Mantova|10.7240065,45.1021309,10.9051230,45.1876981
44887|Palazzo_Pignano|9.5628034,45.3803616,9.6048875,45.4236265
45732|Cirimido|9.0048700,45.6787420,9.0212546,45.7109249
45839|Figino_Serenza|9.1199800,45.7005853,9.1538324,45.7270939
46547|Argegno|9.1005258,45.9320476,9.1495865,45.9524790
47132|Sondalo|10.2646954,46.2901372,10.4761034,46.3900509
46930|Civo|9.5524249,46.1454781,9.6255552,46.2122051
44469|Fiesse|10.3043205,45.2042549,10.3621241,45.2513646
44186|Sartirana_Lomellina|8.6135214,45.0744648,8.7122339,45.1379393
45197|Vimodrone|9.2666510,45.5047558,9.3076062,45.5260494
46241|Gavirate|8.6953790,45.8140170,8.7561004,45.8728830
46374|Comerio|8.7322027,45.8343501,8.7571507,45.8713715
44683|Landriano|9.2390503,45.2821839,9.3031250,45.3317804
46886|Dongo|9.2333051,46.1103812,9.3002592,46.1393348
46458|Villa_d_Ogna|9.9076870,45.8937199,9.9640053,45.9212675
44481|Marmirolo|10.7012268,45.1936427,10.7979094,45.3197549
44498|Torre_d_Arese|9.3024980,45.2241903,9.3380252,45.2497118
44111|Pinarolo_Po|9.1396828,45.0501753,9.2028772,45.1076511
45026|Mairano|10.0566357,45.4298036,10.1064739,45.4844748
44599|Casalmorano|9.8799487,45.2697288,9.9396582,45.3175282
46310|Rovetta|9.9526706,45.8374324,10.0544410,45.9783002
45297|Pessano_con_Bornago|9.3562402,45.5383524,9.4143542,45.5637980
46534|Porto_Valtravaglia|8.6540998,45.9296915,8.7311654,45.9868876
44346|Candia_Lomellina|8.5425038,45.1458365,8.6283631,45.2089686
44478|Sant_Alessio_con_Vialone|9.2084238,45.2091930,9.2516061,45.2401086
46051|Strozza|9.5640979,45.7584449,9.5969472,45.7821665
46344|Moltrasio|9.0772508,45.8477713,9.1127196,45.9004024
46413|Cuasso_al_Monte|8.8389748,45.8827784,8.8974863,45.9360099
46742|Cimbergo|10.3518176,46.0002558,10.4608886,46.0489131
44812|San_Giuliano_Milanese|9.2211705,45.3526204,9.3341401,45.4084692
45028|Brandico|10.0188597,45.4366086,10.0660923,45.4690863
43908|Codevilla|9.0309310,44.9355368,9.0845390,44.9972675
45767|Cavaria_con_Premezzo|8.7774310,45.6841720,8.8147256,45.7016249
45534|Zanica|9.6670219,45.6127643,9.7416028,45.6597820
46835|Rogolo|9.4571814,46.0703414,9.5050548,46.1483472
44432|Vistarino|9.2840140,45.1851449,9.3339570,45.2324966
45094|Isso|9.7200369,45.4536165,9.7663040,45.4869171
46923|Traona|9.5060873,46.1384492,9.5645552,46.1837520
45967|Fonteno|9.9657157,45.7378820,10.0343360,45.7668161
44557|Pralboino|10.2059061,45.2398968,10.2644002,45.2913587
46437|Moggio|9.4795373,45.8835387,9.5406410,45.9423658
46137|Travedona_Monate|8.6400572,45.7891953,8.7021061,45.8206192
45889|Lodrino|10.2395882,45.6895181,10.3024511,45.7386924
45467|Lissone|9.2209554,45.5965381,9.2643799,45.6422932
46263|Blevio|9.0834539,45.8253735,9.1251677,45.8529463
45679|Medolago|9.4738681,45.6636345,9.5176196,45.6830414
45391|Muggiò|9.2094357,45.5697835,9.2424498,45.6033893
44629|Parona|8.7192385,45.2717205,8.8003647,45.2938702
46189|Cagno|8.8968372,45.7973615,8.9293993,45.8189626
44716|Tavazzano_con_Villavesco|9.3725340,45.3100053,9.4489254,45.3590901
46074|Roncola|9.5160171,45.7674419,9.5696708,45.7932737
45451|Brembate|9.5321288,45.5886660,9.5661282,45.6289997
46964|Montagna_in_Valtellina|9.8731714,46.1613864,9.9768012,46.2785886
46058|Comabbio|8.6614124,45.7598824,8.6952159,45.7896775
46233|Suello|9.3020956,45.8080986,9.3336177,45.8306764
44847|Spino_d_Adda|9.4528532,45.3641995,9.5144147,45.4229367
44990|Cusago|9.0017245,45.4260519,9.0549706,45.4693035
47022|Temù|10.4402852,46.1936961,10.5170077,46.3211844
44454|Pozzaglio_ed_Uniti|10.0050863,45.1881266,10.0826417,45.2370177
45247|Arese|9.0482176,45.5286456,9.0968759,45.5692966
45021|Caravaggio|9.6128947,45.4371500,9.6948588,45.5346714
44416|Asola|10.3547465,45.1701684,10.5056614,45.2749505
46772|Albaredo_per_San_Marco|9.5817536,46.0465435,9.6481709,46.1108164
45352|Palosco|9.8096170,45.5575466,9.8562343,45.6047671
45722|Merate|9.3924750,45.6729868,9.4424321,45.7241346
46060|Orsenigo|9.1492873,45.7626484,9.1964115,45.7930961
44059|Suardi|8.7067030,45.0066586,8.7792204,45.0467712
46387|Premolo|9.8161561,45.8593791,9.8839625,45.9346185
45341|Masate|9.4486074,45.5521749,9.4831611,45.5820706
44001|Sabbioneta|10.4567206,44.9806879,10.6041237,45.0462350
44809|Soncino|9.8071095,45.3517284,9.8933340,45.4577378
46023|Villa_Guardia|8.9972869,45.7574337,9.0499104,45.7901757
45915|Pradalunga|9.7652425,45.7240419,9.8190590,45.7532640
46916|Piantedo|9.4129885,46.0948615,9.4390393,46.1495101
45653|Meda|9.1381157,45.6482851,9.1802574,45.6862490
46882|Saviore_dell_Adamello|10.3886876,46.0654632,10.5654924,46.1886753
45558|Gerenzano|8.9528333,45.6165635,9.0278862,45.6493467
46631|Introbio|9.4296009,45.9510543,9.5273572,46.0437129
45624|Suisio|9.4850360,45.6471924,9.5269888,45.6665854
45745|Adrara_San_Martino|9.9293090,45.6810648,9.9944907,45.7507000
44596|Nicorvo|8.6459944,45.2629364,8.6908960,45.3040356
46609|Lierna|9.2836017,45.9425044,9.3562475,45.9779980
44592|Montodine|9.6702295,45.2544503,9.7301913,45.3025526
45773|Monte_Isola|10.0587520,45.6883171,10.1033693,45.7281458
45853|Luzzana|9.8483089,45.7088730,9.8876125,45.7337981
45661|Gandosso|9.8814035,45.6517450,9.9112953,45.6711087
46542|Cividate_Camuno|10.2455033,45.9287459,10.2860638,45.9524133
44483|Turano_Lodigiano|9.5975653,45.2224676,9.6678394,45.2806142
44231|Fombio|9.6709569,45.1057848,9.7110650,45.1531864
46588|Malegno|10.2502920,45.9438380,10.2955157,45.9746446
46151|Annone_di_Brianza|9.3093971,45.7895212,9.3500474,45.8165476
44824|Gudo_Visconti|8.9642639,45.3638281,9.0183278,45.4005674
43671|Bagnaria|9.0935575,44.8054378,9.1773424,44.8481505
44619|Bordolano|9.9583323,45.2761581,10.0040363,45.3085311
44065|Rivarolo_del_Re_ed_Uniti|10.4105934,45.0147504,10.5213588,45.0603263
46284|Pusiano|9.2638922,45.8027213,9.3005050,45.8370938
44249|Pieve_San_Giacomo|10.1591084,45.1043585,10.2255321,45.1506712
44639|Casaletto_Lodigiano|9.3198674,45.2749681,9.3806458,45.3211970
39285|Valverde|9.2116034,44.8479371,9.2568139,44.9008156
44734|Chieve|9.5961644,45.3220965,9.6307867,45.3521071
45288|Cinisello_Balsamo|9.1918197,45.5364271,9.2555441,45.5794167
44222|San_Zenone_al_Po|9.3527940,45.0950329,9.3890555,45.1325509
47108|Mese|9.3515401,46.2945626,9.3921886,46.3246486
45482|Osio_Sotto|9.5595660,45.6003089,9.6134984,45.6265689
45791|Novedrate|9.1166135,45.6897072,9.1503459,45.7106596
45420|Capriate_San_Gervasio|9.5137249,45.5822851,9.5484555,45.6358618
44724|Calvignasco|9.0140829,45.3167849,9.0356707,45.3345756
45244|Pagazzano|9.6579966,45.5226711,9.6905212,45.5493164
46269|Costa_Volpino|10.0573918,45.8023368,10.1215912,45.8739981
45184|Vanzago|8.9608030,45.5048668,9.0100369,45.5342565
44512|Ossago_Lodigiano|9.5063174,45.2251635,9.5694438,45.2614006
45680|Carate_Brianza|9.2114097,45.6515912,9.2614704,45.6986719
46550|Cassiglio|9.5802730,45.9294344,9.6353327,45.9805897
46043|Olginate|9.3856257,45.7629807,9.4352140,45.8057632
45190|Calvagese_della_Riviera|10.4265764,45.5062704,10.4873038,45.5506940
44954|Quintano|9.6060020,45.4108799,9.6369722,45.4329397
44199|Tornata|10.4124941,45.0916510,10.4676953,45.1212067
46318|Luvinate|8.7582927,45.8298854,8.7786684,45.8705717
45845|Guanzate|8.9951434,45.7085808,9.0268793,45.7422653
46004|Binago|8.9008177,45.7539271,8.9392115,45.7934359
45950|Tavernole_sul_Mella|10.1629876,45.7244498,10.2519042,45.7714230
44921|Paullo|9.3853309,45.3907347,9.4262352,45.4390994
43624|Varzi|9.1499978,44.7523482,9.2872919,44.8565381
45993|Valvestino|10.5456583,45.7259273,10.6455706,45.7999798
45063|Misano_di_Gera_d_Adda|9.6072985,45.4534157,9.6507437,45.4815881
44900|San_Donato_Milanese|9.2151441,45.3896449,9.3006986,45.4375529
46036|Azzate|8.7741333,45.7575038,8.8076382,45.7986600
46211|Artogne|10.1458131,45.8082051,10.2536584,45.8661693
45604|Fagnano_Olona|8.8452538,45.6369389,8.8986832,45.6818745
47273|Livigno|10.0391547,46.4210606,10.2182273,46.6259355
45050|Rodano|9.3211052,45.4483163,9.3755555,45.5008953
45608|Seveso|9.1075879,45.6349979,9.1774161,45.6574503
45643|Costa_di_Mezzate|9.7833958,45.6381451,9.8101367,45.6734065
44226|San_Rocco_al_Porto|9.6324250,45.0591621,9.7541407,45.1083159
46338|Rogno|10.0828664,45.8357818,10.1511852,45.8858253
44361|Rodigo|10.5746312,45.1530968,10.6959451,45.2331803
44052|Casatisma|9.1046356,45.0358296,9.1400355,45.0719244
45005|Cesano_Boscone|9.0677932,45.4274413,9.1053621,45.4533588
44334|Gropello_Cairoli|8.9513405,45.1409139,9.0378166,45.2056838
44439|Graffignana|9.4255411,45.1838571,9.4707670,45.2318234
43930|Villa_Poma|11.0875301,44.9809619,11.1452409,45.0256881
46353|Rezzago|9.2102452,45.8453232,9.2599316,45.8705283
46317|Gianico|10.1560088,45.8346285,10.2711801,45.8721324
46513|Castelveccana|8.6168777,45.9230304,8.7161069,45.9660870
44757|Izano|9.7361955,45.3355724,9.7699533,45.3704835
46127|Peia|9.8926990,45.7815963,9.9369440,45.8075698
43948|Casei_Gerola|8.8810586,44.9817171,8.9709481,45.0598268
45861|Vertemate_con_Minoprio|9.0576657,45.7134777,9.0981070,45.7428378
45964|Nibionno|9.2474009,45.7398193,9.2760196,45.7630752
45134|Bedizzole|10.3698823,45.4707779,10.4640919,45.5270795
45158|Berlingo|10.0175431,45.4904655,10.0516501,45.5191599
44101|Zenevredo|9.3189520,45.0415011,9.3600432,45.0693864
44452|Langosco|8.5225815,45.1933439,8.5947407,45.2383596
44692|Bassano_Bresciano|10.1063267,45.3017674,10.1548334,45.3411516
43993|Castana|9.2598631,45.0067446,9.3001636,45.0435370
46797|Dervio|9.2869543,46.0596077,9.3530089,46.0973381
46510|Cunardo|8.7836274,45.9177959,8.8205189,45.9516211
45174|Pregnana_Milanese|8.9821392,45.4999039,9.0260307,45.5331627
44550|Remedello|10.3364557,45.2402794,10.3979855,45.3019849
46254|Corna_Imagna|9.5307381,45.8210467,9.5644098,45.8505232
44313|Maccastorna|9.8358299,45.1349091,9.8735049,45.1600967
46647|Tremezzina|9.1306744,45.9546671,9.2385896,46.0119825
45718|Carbonate|8.9081824,45.6698837,8.9604120,45.7209560
45588|Usmate_Velate|9.3245316,45.6325540,9.3740965,45.6723491
47169|Valdisotto|10.2800362,46.3675153,10.4199464,46.4778550
46976|Cino|9.4635647,46.1540869,9.5034446,46.1826836
44444|Torre_d_Isola|9.0347701,45.1893996,9.1098043,45.2528888
46967|Buglio_in_Monte|9.6611688,46.1628019,9.7515706,46.2693504
46242|Brebbia|8.5950550,45.8149812,8.6722255,45.8429371
44527|Seniga|10.1509074,45.2255848,10.2208532,45.2684413
46161|Fiorano_al_Serio|9.8225294,45.7947088,9.8492882,45.8138878
45412|Salò|10.4831961,45.5801185,10.6290143,45.6468881
44411|Gerenzago|9.3401640,45.1823767,9.3918347,45.2119512
45375|San_Felice_del_Benaco|10.5265720,45.5735229,10.6302168,45.6025313
44224|Portalbera|9.2978465,45.0840728,9.3348938,45.1050006
46461|Bedero_Valcuvia|8.7870671,45.8998280,8.8102712,45.9228012
45698|Trescore_Balneario|9.8196192,45.6663045,9.8929126,45.7301309
44036|Borgofranco_sul_Po|11.1623661,45.0135868,11.2306240,45.0593684
45003|Orzivecchi|9.9435079,45.3965385,9.9841218,45.4529214
46521|Duno|8.7225139,45.9109543,8.7486378,45.9306758
44694|Verolanuova|10.0352712,45.2999122,10.1189792,45.3750899
46993|Mello|9.5186271,46.1475800,9.5634432,46.1935220
45321|Cologno_al_Serio|9.6787443,45.5509924,9.7433702,45.5992260
45969|Cremella|9.2953805,45.7335007,9.3147586,45.7501518
46139|Aviatico|9.7587644,45.7748594,9.8231862,45.8067333
45904|Cassago_Brianza|9.2724017,45.7205688,9.3015826,45.7478111
43963|Oliva_Gessi|9.1664681,44.9896869,9.2044127,45.0122075
47146|Valfurva|10.3913038,46.3347929,10.6327598,46.4982715
45536|Ceriano_Laghetto|9.0506270,45.6206163,9.1106702,45.6382300
45892|Barzana|9.5590071,45.7199596,9.5789067,45.7423421
44785|Galgagnano|9.4324175,45.3447014,9.4825804,45.3694304
44522|Castelnovetto|8.5909015,45.2123422,8.6662374,45.2854827
46527|Lezzeno|9.1457911,45.9156417,9.2360460,45.9681528
45617|Bagnatica|9.7435079,45.6406670,9.7890438,45.6730004
46592|Montegrino_Valtravaglia|8.7545327,45.9518105,8.8073797,45.9857666
44190|Albaredo_Arnaboldi|9.2132732,45.0918168,9.2721879,45.1362529
44276|Somaglia|9.5938280,45.1161105,9.6874785,45.1879197
47017|Incudine|10.3377482,46.1880366,10.3997869,46.2786295
45211|Casorezzo|8.8822578,45.5153153,8.9324931,45.5383330
46148|Costa_Valle_Imagna|9.4793005,45.7875930,9.5225942,45.8163824
45771|Foresto_Sparso|9.8867072,45.6787325,9.9381495,45.7072408
45424|Concorezzo|9.3123981,45.5724193,9.3570228,45.6102017
44018|Santa_Giuletta|9.1623020,45.0153265,9.2190280,45.0609569
46572|Lavena_Ponte_Tresa|8.8451225,45.9441710,8.8840976,45.9754114
45673|Casatenovo|9.2944295,45.6562725,9.3588560,45.7058687
44328|San_Giorgio_di_Lomellina|8.7364882,45.1440501,8.8252910,45.2063010
45168|Padenghe_sul_Garda|10.4744507,45.4890559,10.6389457,45.5231168
46364|Darfo_Boario_Terme|10.1441252,45.8492131,10.2575708,45.9272440
46312|Bossico|10.0304914,45.8230621,10.0637405,45.8621221
3494741|Verderio|9.4188319,45.6493752,9.4646593,45.6765657
44560|Trivolzio|9.0314825,45.2493374,9.0621881,45.2750613
44607|Trovo|9.0148206,45.2706677,9.0678887,45.3064509
44507|San_Genesio_ed_Uniti|9.1569867,45.2175565,9.2169225,45.2560795
44015|Pieve_di_Coriano|11.0734802,45.0193803,11.1280209,45.0613117
46182|Pianico|10.0222740,45.7973704,10.0560938,45.8155294
44113|Rivarolo_Mantovano|10.4127743,45.0422517,10.4961067,45.0946004
44303|Linarolo|9.2224698,45.1258936,9.2885725,45.1698164
45256|Coccaglio|9.9425520,45.5294259,9.9871974,45.5820072
44344|Redondesco|10.4895707,45.1468052,10.5523187,45.2074295
44338|Carbonara_al_Ticino|9.0444763,45.1497121,9.1218422,45.2026794
44634|Gottolengo|10.2372281,45.2651425,10.3095577,45.3531593
45505|Ome|10.1035097,45.6103746,10.1449123,45.6536815
47031|Spriana|9.8578950,46.1970501,9.9071071,46.2328546
46373|Castello_Cabiaglio|8.7399280,45.8695506,8.7810353,45.9045192
45822|Lonate_Ceppino|8.8670924,45.6908415,8.8948309,45.7296596
45687|Sarnico|9.9413924,45.6634529,9.9991744,45.6867064
46079|Bianzano|9.8672808,45.7625607,9.9276003,45.7865379
43816|Moglia|10.8750552,44.9133983,10.9735199,44.9935174
44382|Tromello|8.7986543,45.1712845,8.9021664,45.2376148
45668|Treviolo|9.5754292,45.6566147,9.6379628,45.6892515
45553|Marnate|8.8919232,45.6201753,8.9367030,45.6415594
46621|Piazzolo|9.6547699,45.9390949,9.9406665,45.9876033
45273|Manerba_del_Garda|10.5248533,45.5286501,10.6338189,45.5760636
44083|Solarolo_Rainerio|10.3305737,45.0453949,10.3676296,45.1094064
46120|Galliate_Lombardo|8.7595994,45.7800547,8.7853654,45.8020481
45386|San_Vittore_Olona|8.9280702,45.5716668,8.9642023,45.5938657
45884|Pertica_Alta|10.2956033,45.7105480,10.3894567,45.7874712
44892|Cremosano|9.6288930,45.3743250,9.6651298,45.4042123
44680|Vernate|9.0246613,45.2966712,9.0877085,45.3425214
45307|Lainate|8.9954134,45.5410242,9.0559270,45.5885473
45323|Castel_Rozzone|9.6055206,45.5439988,9.6332259,45.5614513
44332|Acquanegra_Cremonese|9.8737044,45.1467119,9.9047028,45.2076581
46640|Lozio|10.1926786,45.9716158,10.2891611,46.0230057
45840|Carugo|9.1796644,45.6983587,9.2045638,45.7392623
45677|Ronco_Briantino|9.3861964,45.6555026,9.4211583,45.6768993
47006|Sernio|10.1825375,46.1908851,10.2423924,46.2587041
46111|Leffe|9.8594083,45.7760076,9.9048406,45.8041597
43667|Cecima|9.0490038,44.8142030,9.0964218,44.8683029
44470|Cappella_Cantone|9.8092543,45.2132744,9.8627169,45.2721488
46652|Piazzatorre|9.6556669,45.9764396,9.7331913,46.0381477
45655|Sarezzo|10.1525749,45.6402610,10.2521298,45.6849779
45144|Brescia|10.1479028,45.4807171,10.3002186,45.5899752
43829|Borgoratto_Mormorolo|9.1693642,44.9190126,9.2313968,44.9682300
46854|Sueglio|9.3229246,46.0801789,9.3574429,46.1042339
44228|Bonemerse|10.0740057,45.0929666,10.1150433,45.1205842
45691|Rovellasca|9.0283690,45.6574629,9.0636010,45.6801876
44999|Barbata|9.7560266,45.4283000,9.7867327,45.4849558
46894|Albosaggia|9.8278067,46.0491344,9.8988969,46.1632915
44590|Caselle_Lurani|9.3368834,45.2563515,9.3858033,45.2884927
46653|Santa_Brigida|9.5937067,45.9511424,9.6408197,46.0402673
44057|Commessaggio|10.5351446,45.0202716,10.6037440,45.0561078
46275|Bardello|8.6821254,45.8227902,8.7179914,45.8456696
45497|Grumello_del_Monte|9.8557854,45.6078849,9.8911688,45.6675168
45162|Cernusco_sul_Naviglio|9.2992768,45.5003485,9.3676289,45.5480400
47106|Villa_di_Chiavenna|9.4578972,46.2828464,9.5495688,46.3661718
46113|Olgiate_Comasco|8.9408312,45.7621232,8.9956033,45.8020394
46569|Cadegliano-Viconago|8.8038704,45.9412569,8.8614416,45.9880647
45338|Arcene|9.5919142,45.5598573,9.6303322,45.5885650
44647|Rognano|9.0594967,45.2794941,9.1152644,45.3155593
46267|Bizzarone|8.9288183,45.8283872,8.9622791,45.8434913
46000|Senna_Comasco|9.0841717,45.7489715,9.1178027,45.7731940
45726|Arsago_Seprio|8.7096860,45.6755439,8.7624011,45.7214021
45186|Bariano|9.6875679,45.4979395,9.7264269,45.5295830
47038|Bianzone|10.0709007,46.1716180,10.1263764,46.2285694
46705|Menaggio|9.1978711,46.0047903,9.2668661,46.0427440
46085|Como|9.0310791,45.7587544,9.1368711,45.8420363
45053|Torre_Pallavicina|9.8278062,45.4280589,9.8913649,45.4659219
45555|Agnosine|10.3177759,45.6178961,10.3746364,45.6615572
46641|Cerveno|10.2258787,45.9701217,10.3440247,46.0567946
45085|Liscate|9.3792826,45.4516830,9.4352785,45.4923041
47003|Tirano|10.1350195,46.1797402,10.2269833,46.2582843
46819|Fusine|9.7223836,46.0536706,9.7986389,46.1595194
44598|Moscazzano|9.6571456,45.2596800,9.6960092,45.3189554
45249|Inzago|9.4485907,45.5187115,9.5089619,45.5621870
44383|Pavia|9.0903800,45.1576428,9.2405513,45.2333058
45574|Bernareggio|9.3818808,45.6317456,9.4236858,45.6651655
44951|Casale_Cremasco-Vidolasco|9.6992830,45.4137906,9.7352688,45.4610443
46731|Premana|9.4049281,46.0206656,9.5102366,46.0856990
45239|Prevalle|10.3971771,45.5211093,10.4418861,45.5676749
44893|Lonato_del_Garda|10.4404601,45.3807790,10.6024538,45.5071026
45856|Veniano|8.9604646,45.7083835,8.9992019,45.7274379
46297|Valmadrera|9.3177424,45.8343609,9.3800036,45.8722664
44092|Mezzana_Bigli|8.8286015,45.0456929,8.9343255,45.0867702
43787|Fortunago|9.1397746,44.8914385,9.2331365,44.9304725
46194|Costa_Serina|9.7188368,45.8020764,9.7722708,45.8429993
45736|Marcheno|10.1617585,45.6801500,10.2685854,45.7531482
45662|Lomagna|9.3539292,45.6550831,9.3840473,45.6827931
44238|San_Cipriano_Po|9.2608379,45.0937599,9.3055133,45.1282894
45350|Spirano|9.6508651,45.5610389,9.6873815,45.6032134
44772|Sordio|9.3562263,45.3294737,9.3866014,45.3486809
45356|Canonica_d_Adda|9.5301872,45.5596414,9.5575027,45.5992533
45335|Dairago|8.8280306,45.5493983,8.8775079,45.5771554
44209|Voltido|10.3105161,45.0893380,10.3645562,45.1320603
46928|Mantello|9.4635207,46.1451448,9.4989755,46.1748414
45730|Solza|9.4771942,45.6730379,9.5003986,45.6832866
44662|Cavriana|10.5581241,44.9315562,10.8497282,45.3872867
44819|Colturano|9.3222715,45.3688507,9.3652629,45.3892324
45282|Ospitaletto|10.0496769,45.5377145,10.1058473,45.5671736
46226|Valmorea|8.9169145,45.8065591,8.9481351,45.8298153
45788|Carvico|9.4733251,45.6907187,9.5156923,45.7225542
45465|Comun_Nuovo|9.6431883,45.5952433,9.6782541,45.6303653
46385|Bienno|10.2824665,45.8650811,10.4126662,45.9476970
45913|Nembro|9.7226839,45.7200599,9.7905392,45.7867696
45251|Arconate|8.8159139,45.5251385,8.8655713,45.5601714
45019|Desenzano_del_Garda|10.5019575,45.3967355,10.6272650,45.5081871
44653|Guidizzolo|10.5378156,45.2801682,10.6049584,45.3432942
47120|San_Giacomo_Filippo|9.2750661,46.3104354,9.4269502,46.3877655
45065|Bernate_Ticino|8.7874867,45.4535598,8.8395770,45.5015391
46072|Merone|9.2362497,45.7668669,9.2635136,45.7964350
46421|Laveno-Mombello|8.5694468,45.8816501,8.6484594,45.9383777
45602|Cislago|8.9351744,45.6334931,8.9880209,45.6799350
45068|Arzago_d_Adda|9.5405138,45.4592317,9.5908733,45.4887779
372555|Peglio|9.2516208,46.1544999,9.3031054,46.2047618
381679|Mornago|8.7235544,45.7111071,8.7806150,45.7613865
45551|Filago|9.5307644,45.6118667,9.5699431,45.6471860
45407|Grezzago|9.4792733,45.5819152,9.5107332,45.5997445
45860|Ambivere|9.5209699,45.7130665,9.5575347,45.7295971
1724966|Monguzzo|9.2069264,45.7657224,9.2422110,45.7897949
46355|Caglio|9.2015341,45.8561963,9.2488150,45.8861318
45595|Gallarate|8.7536764,45.6311911,8.8323326,45.6904347
45106|Marcallo_con_Casone|8.8355500,45.4695064,8.8934442,45.5043194
44755|Villachiara|9.8841294,45.3279969,9.9474238,45.3845886
46145|Eupilio|9.2476151,45.7919751,9.2905933,45.8371535
45919|Caronno_Varesino|8.8121570,45.7287814,8.8482382,45.7545963
44845|Ozzero|8.8890794,45.3412047,8.9506940,45.3858019
44408|Cura_Carpignano|9.2148934,45.1826082,9.2912577,45.2270910
43830|Retorbido|9.0160608,44.9198633,9.0826321,44.9727246
45188|Rho|9.0064843,45.5023371,9.0963721,45.5597497
45228|Nuvolento|10.3551075,45.5178357,10.4078054,45.5632490
45920|Albino|9.7614928,45.7281640,9.8782671,45.7897382
45850|Ranica|9.6917605,45.7106372,9.7278829,45.7461502
44720|Trigolo|9.7915942,45.2991781,9.8439644,45.3574756
43897|Felonica|11.3132275,44.9491041,11.4276427,44.9954045
44623|Credera_Rubbiano|9.6211983,45.2715502,9.6758459,45.3218676
46150|Bosisio_Parini|9.2736327,45.7830181,9.3135027,45.8118222
44308|Spinadesco|9.9023049,45.1005440,9.9674563,45.1657710
46335|Fuipiano_Valle_Imagna|9.5118788,45.8473764,9.5558380,45.8677586
44188|Piadena|10.3408617,45.0913795,10.4206058,45.1489472
46669|Lanzo_d_Intelvi|8.9882535,45.9530280,9.0572022,45.9946911
44656|Lacchiarella|9.1119607,45.2892066,9.2032091,45.3495378
46944|Ardenno|9.6185384,46.1516402,9.6752772,46.2095347
44998|Camisano|9.7257909,45.4244690,9.7702427,45.4717354
44567|Massalengo|9.4735122,45.2405328,9.5150679,45.2816144
43892|Casalmaggiore|10.3835460,44.9381078,10.5978571,45.0443689
46488|Veleso|9.1657773,45.9043898,9.2097031,45.9277067
45359|Gavardo|10.3997232,45.5551075,10.4958070,45.6278410
46457|Ballabio|9.3910454,45.8802361,9.4499297,45.9259678
44404|Olevano_di_Lomellina|8.6857749,45.1809494,8.7523363,45.2289131
45749|Gardone_Val_Trompia|10.1383327,45.6742085,10.2114602,45.7417600
45995|Zone|10.0911297,45.7389172,10.1760994,45.7857875
45526|Provaglio_d_Iseo|10.0170158,45.6112877,10.0875411,45.6509779
44505|Marcignago|9.0545580,45.2263084,9.1079006,45.2691241
44399|Zerbolò|8.9572275,45.1775083,9.0797790,45.2536517
44556|Zeccone|9.1721466,45.2469230,9.2072389,45.2732448
45897|Capovalle|10.5020314,45.7157560,10.5703102,45.7752313
44586|Vigevano|8.7872337,45.2716573,8.9634102,45.3548505
44094|Pizzale|9.0348458,45.0239608,9.0714063,45.0696239
44289|Cornovecchio|9.7879988,45.1277516,9.8297509,45.1647288
46666|Cremenaga|8.7791577,45.9684950,8.8219906,45.9921993
46957|Castione_Andevenno|9.7837315,46.1565940,9.8291948,46.2175206
46159|Anfo|10.4373533,45.7536493,10.5198328,45.8126120
45156|Torbole_Casaglia|10.0871113,45.4728074,10.1409714,45.5311439
46108|Montorfano|9.1266522,45.7700923,9.1655758,45.7929731
45962|Adrara_San_Rocco|9.9506870,45.7066021,9.9899931,45.7533704
46717|Crandola_Valsassina|9.3677985,46.0064449,9.4501835,46.0309470
47107|Menarola|9.2815377,46.2933712,9.3653055,46.3267032
45537|Villanuova_sul_Clisi|10.4400411,45.5893378,10.4908690,45.6293923
44677|Ripalta_Guerina|9.6895335,45.2979836,9.7198779,45.3153886
45070|Bareggio|8.9739764,45.4520047,9.0228124,45.5039720
44459|Gabbioneta-Binanuova|10.1615407,45.1955506,10.2472798,45.2431164
45816|Cenate_Sotto|9.7944996,45.6847196,9.8339528,45.7153423
46288|Canzo|9.2530896,45.8346079,9.3279384,45.8628931
46866|Malonno|10.2483102,46.0897108,10.3442515,46.1612177
45645|Toscolano-Maderno|10.5321284,45.6108409,10.6812277,45.7017507
46320|Val_Brembilla|9.5474203,45.7862719,9.6458945,45.8630378
46155|Biandronno|8.6926447,45.7948151,8.7434462,45.8352563
44422|Brembio|9.5241010,45.1858040,9.6042694,45.2388398
45636|Preseglie|10.3619159,45.6465625,10.4087077,45.6908184
281516|Castro|10.0507723,45.7901456,10.0804138,45.8107417
47116|Chiavenna|9.3735536,46.3024637,9.4376596,46.3561391
45972|Barzago|9.2986482,45.7439998,9.3368449,45.7641458
46952|Berbenno_di_Valtellina|9.6976118,46.1571545,9.7742478,46.2406363
44420|Copiano|9.3152298,45.1814327,9.3528928,45.2071656
44302|Crotta_d_Adda|9.8286901,45.1313509,9.9091085,45.1780235
46827|Cusino|9.1455178,46.0611020,9.2039452,46.1129582
44725|Binasco|9.0825208,45.3206451,9.1251973,45.3402000
44973|Cassinetta_di_Lugagnano|8.8915403,45.4149960,8.9251538,45.4354862
45029|Vailate|9.5771078,45.4396710,9.6254462,45.4759139
44640|Pavone_del_Mella|10.1970234,45.2803785,10.2429745,45.3246286
45557|Cesano_Maderno|9.1084885,45.6143877,9.1906824,45.6436419
43934|Martignana_di_Po|10.3598518,44.9662880,10.3942532,45.0433822
46804|Tartano|9.6416110,46.0540142,9.7463299,46.1524396
46624|Brezzo_di_Bedero|8.6822992,45.9577873,8.7488689,45.9999385
44214|Casanova_Lonati|9.2012572,45.0779327,9.2303893,45.1121289
46600|Valtorta|9.4855710,45.9478092,9.5845797,46.0125407
44323|Gadesco-Pieve_Delmona|10.0824667,45.1446716,10.1542641,45.1924273
46538|Mesenzana|8.7325487,45.9294687,8.7733642,45.9626653
46048|Taino|8.6002265,45.7478914,8.6421146,45.7814754
45951|Marmentino|10.2477740,45.7274033,10.3376557,45.7879797
45912|Barzanò|9.2973767,45.7151964,9.3263759,45.7453973
45782|Mapello|9.5160508,45.6908026,9.5656658,45.7268135
44490|Gambara|10.2618833,45.2241178,10.3619783,45.2877798
46146|Ranco|8.5522749,45.7867530,8.6026783,45.8128702
45721|Lomazzo|9.0124833,45.6665169,9.0511168,45.7145917
45346|Lonate_Pozzolo|8.6887313,45.5583143,8.7868130,45.6177049
45227|Soiano_del_Lago|10.4817002,45.5184565,10.5282772,45.5446203
46788|Corrido|9.1018828,46.0424869,9.1465639,46.0701385
46415|Castione_della_Presolana|10.0029979,45.8819002,10.1102291,45.9567896
44787|Basiglio|9.1431927,45.3278168,9.1879261,45.3688801
44171|Zinasco|8.9864556,45.0718076,9.0642880,45.1555387
45213|Rovato|9.9796143,45.5160062,10.0443375,45.5800952
44100|Stradella|9.2743474,45.0512907,9.3449568,45.1066355
46396|Berzo_Inferiore|10.2586273,45.8586062,10.3288966,45.9384524
44221|Monticelli_Pavese|9.4700745,45.0781790,9.5505475,45.1369519
45857|Cenate_Sopra|9.7969710,45.7025729,9.8412124,45.7352151
44676|Visano|10.3395734,45.2943613,10.3949208,45.3322663
46546|San_Fedele_Intelvi|9.0193079,45.9209569,9.0924510,45.9760521
46366|Carate_Urio|9.0904825,45.8612599,9.1442985,45.8996983
45572|Somma_Lombardo|8.6403466,45.6297914,8.7302302,45.7071113
44264|Sommo|9.0512606,45.0960313,9.1141081,45.1519542
46368|Cocquio_Trevisago|8.6687106,45.8464261,8.7374681,45.8810299
45378|Cerro_Maggiore|8.9289426,45.5691641,8.9990464,45.6113222
44549|Ceranova|9.2295989,45.2429298,9.2695667,45.2712352
46463|Cremeno|9.4356598,45.8940726,9.4908277,45.9402213
45219|Turbigo|8.7122914,45.5076423,8.7609701,45.5440095
43677|Romagnese|9.2850513,44.7997164,9.3622978,44.8738359
44816|Romanengo|9.7668244,45.3569395,9.8147131,45.4101330
44930|Bagnolo_Mella|10.1363288,45.3903381,10.2335480,45.4501300
46746|Margno|9.3668425,46.0223286,9.4126621,46.0370640
46174|Faloppio|8.9507119,45.7984822,8.9891441,45.8190466
45041|Montirone|10.2068445,45.4232464,10.2523876,45.4712206
46739|Capo_di_Ponte|10.2676604,46.0149062,10.3584102,46.0765021
46710|Bene_Lario|9.1558690,46.0096668,9.1900888,46.0371138
45404|Cavenago_di_Brianza|9.3962807,45.5746146,9.4449616,45.5933890
45872|Calco|9.4008993,45.7147541,9.4518991,45.7343561
44542|Pontevico|10.0608727,45.2459453,10.1380775,45.3110121
45803|Imbersago|9.4316216,45.6979495,9.4594495,45.7188047
46743|Cevo|10.3475910,46.0209860,10.5055767,46.1127912
45983|Caprino_Bergamasco|9.4787938,45.7357864,9.5218050,45.7851314
45713|Albano_Sant_Alessandro|9.7466318,45.6729670,9.7972354,45.7015590
45728|Sulzano|10.0742051,45.6648300,10.1382683,45.6985228
45844|Valbrembo|9.5881945,45.7101799,9.6265804,45.7268855
46433|Cittiglio|8.6436792,45.8880024,8.6823193,45.9283742
44479|Sant_Angelo_Lomellina|8.6248492,45.2153245,8.6642159,45.2636291
46040|Endine_Gaiano|9.9394207,45.7533975,10.0191190,45.8129400
46767|Paspardo|10.3526673,46.0263609,10.4105385,46.0617817
46874|Morbegno|9.5574193,46.1063081,9.6304863,46.1548058
46786|Val_Rezzo|9.0778720,46.0555811,9.1239224,46.0848905
45147|Castelcovati|9.9212747,45.4850770,9.9661742,45.5124356
44205|Zerbo|9.3818864,45.0933962,9.4218705,45.1214207
44278|Santa_Cristina_e_Bissone|9.3780219,45.1236926,9.4643984,45.1851713
45664|Casorate_Sempione|8.7249574,45.6467503,8.7648422,45.6786475
46822|Pagnona|9.3814282,46.0555395,9.4330931,46.0961469
44349|San_Martino_Siccomario|9.0797556,45.1364600,9.1479785,45.1811295
44465|Ceresara|10.5098721,45.2106958,10.6120717,45.2919473
46481|Magreglio|9.2178718,45.9105311,9.2722525,45.9262833
43888|Poggio_Rusco|11.0880382,44.9342015,11.2167041,44.9948873
46490|Cerano_d_Intelvi|9.0490755,45.9035400,9.0957830,45.9531107
45761|Ponte_San_Pietro|9.5568027,45.6864586,9.6015432,45.7138752
45737|Terno_d_Isola|9.5069635,45.6764084,9.5466857,45.6944630
45694|Mariano_Comense|9.1468007,45.6655701,9.1984523,45.7266257
44817|Rozzano|9.1347400,45.3597634,9.1929211,45.4035526
45584|Dalmine|9.5659806,45.6323548,9.6325007,45.6611759
45979|Castelnuovo_Bozzente|8.9286073,45.7447101,8.9549100,45.7722821
46025|Casale_Litta|8.7109828,45.7376404,8.7567842,45.7844863
46568|Ossimo|10.1814461,45.9362711,10.2619234,46.0002924
46035|Spinone_al_Lago|9.9029575,45.7567940,9.9354632,45.7751710
44658|Cilavegna|8.7141505,45.2870509,8.7942544,45.3358101
45849|Torre_Boldone|9.6865839,45.7075859,9.7198440,45.7372748
46885|Sonico|10.3276729,46.1103601,10.4934097,46.1728628
44642|Quinzano_d_Oglio|9.9679402,45.2840509,10.0465601,45.3414728
46558|Borno|10.1137775,45.9263089,10.2279683,45.9870288
45880|Renate|9.2659864,45.7115071,9.2907088,45.7334833
45121|Fara_Olivana_con_Sola|9.7140972,45.4805001,9.7552626,45.5015426
44410|Castelverde|9.9511473,45.1648660,10.0411078,45.2389123
46273|Barasso|8.7460828,45.8305948,8.7673952,45.8697423
44593|Milzano|10.1733013,45.2520861,10.2123869,45.2942212
45333|Lurano|9.6253553,45.5577993,9.6580369,45.5792894
46403|Orino|8.7028834,45.8720946,8.7368990,45.8900463
45344|Serle|10.3263280,45.5510641,10.3949163,45.6022701
44207|Lomello|8.7519391,45.0918710,8.8332457,45.1500857
46838|Introzzo|9.3334289,46.0747923,9.3770710,46.0984928
44442|Borghetto_Lodigiano|9.4538164,45.1859117,9.5547567,45.2347769
46070|Gazzada_Schianno|8.8117231,45.7666905,8.8533565,45.7954135
44254|Cava_Manara|9.0723046,45.0933399,9.1526622,45.1594120
46978|Montemezzo|9.3490527,46.1726696,9.3819332,46.2222220
44081|Marcaria|10.5071662,45.0354418,10.6755222,45.1817766
44614|Motta_Visconti|8.9592565,45.2647912,9.0191797,45.3019219
46205|Vercurago|9.4093215,45.8034754,9.4442756,45.8159023
45938|Cisano_Bergamasco|9.4447918,45.7324262,9.4924042,45.7677170
44844|San_Paolo|9.9906341,45.3478027,10.0732897,45.3975441
46961|Dosso_del_Liro|9.1948302,46.1577189,9.2828626,46.2334103
45039|Comazzo|9.4147310,45.4229098,9.4893988,45.4700574
46264|Brunate|9.0840344,45.8115850,9.1150137,45.8282605
46009|Oltrona_di_San_Mamette|8.9540868,45.7471079,8.9867058,45.7624815
46697|Grandola_ed_Uniti|9.1660384,46.0018622,9.2250498,46.0998485
44712|Siziano|9.1837179,45.2833401,9.2489542,45.3356473
44375|Ospedaletto_Lodigiano|9.5624433,45.1511707,9.6069088,45.1898429
45989|Castello_di_Brianza|9.3297095,45.7432994,9.3669412,45.7694475
44051|Robecco_Pavese|9.1341343,45.0300691,9.1675847,45.0751924
46134|Collio|10.2914552,45.7836704,10.4180016,45.8729574
46643|Vilminore_di_Scalve|10.0155536,45.9696926,10.1231418,46.0551107
45248|Bellinzago_Lombardo|9.4283214,45.5212175,9.4620274,45.5474035
45428|Ornago|9.3979030,45.5892735,9.4503316,45.6113833
44275|Meleti|9.8119796,45.1146564,9.8440689,45.1551219
45113|Castel_Mella|10.1269817,45.4782927,10.1636649,45.5237418
45792|Verano_Brianza|9.2091509,45.6696216,9.2380394,45.7002592
45540|Capriolo|9.9015954,45.6179899,9.9790493,45.6575200
45492|Cavernago|9.7407413,45.6033172,9.7834733,45.6404398
281508|Cortenuova|9.7667897,45.5213829,9.8341188,45.5456397
44315|San_Fiorano|9.6871135,45.1151744,9.7460041,45.1506048
44702|Confienza|8.5263702,45.3074601,8.6348970,45.3615234
44856|Trescore_Cremasco|9.6016438,45.3818160,9.6377996,45.4154578
45903|Brenna|9.1694023,45.7247460,9.1980728,45.7547089
45486|Solaro|9.0523070,45.6039971,9.1090976,45.6233223
44517|Lardirago|9.2263959,45.2283942,9.2775449,45.2509104
44608|Casalmoro|10.3902786,45.2466426,10.4378829,45.2967495
46204|Garlate|9.3876029,45.7980162,9.4137366,45.8234478
45360|Garbagnate_Milanese|9.0495861,45.5592824,9.1019773,45.5882383
44955|Sergnano|9.6603401,45.4118682,9.7190397,45.4601782
43994|Montù_Beccaria|9.2950056,45.0049621,9.3651450,45.0578285
45708|Robbiate|9.4129033,45.6672494,9.4561211,45.7005421
44791|Bagnolo_Cremasco|9.5875775,45.3398304,9.6335274,45.3896303
46657|Cusio|9.5825987,45.9733582,9.6203825,46.0278073
47068|Mazzo_di_Valtellina|10.1895671,46.2361370,10.3152884,46.2868113
44573|Ceretto_Lomellina|8.6537036,45.2272294,8.6879058,45.2681301
45742|Fenegrò|8.9871237,45.6746488,9.0106064,45.7170964
44664|Casorate_Primo|8.9884910,45.2804532,9.0369214,45.3255990
47093|Piuro|9.3961988,46.2846383,9.4877441,46.5088764
46370|Gemonio|8.6643777,45.8677929,8.6988274,45.8914569
44890|Tribiano|9.3562402,45.3866619,9.3941358,45.4239369
46674|Ponna|9.0793409,45.9842344,9.1467664,46.0069118
44620|Robbio|8.5589731,45.2692869,8.6631953,45.3385185
46862|Dorio|9.2924303,46.0925477,9.3884886,46.1179283
46775|Foppolo|9.7115835,46.0316015,9.8100969,46.0645035
46556|Colere|10.0349249,45.9288774,10.1145070,45.9873997
46007|Lambrugo|9.2341289,45.7506627,9.2571573,45.7719255
44262|Costa_de__Nobili|9.3504803,45.1184601,9.4190968,45.1519393
45432|Vallio_Terme|10.3577318,45.5920429,10.4216680,45.6354987
44300|Senna_Lodigiana|9.5540470,45.1005693,9.6352326,45.1709981
44510|Borgo_San_Siro|8.8811116,45.2193893,8.9826275,45.2651983
45265|Cormano|9.1465848,45.5330775,9.1878266,45.5554274
43954|San_Benedetto_Po|10.8359018,44.9640304,11.0064557,45.0787914
46829|Sellero|10.2956816,46.0434039,10.3533436,46.0853120
45807|Lurago_Marinone|8.9588722,45.6950376,8.9936264,45.7151547
45716|Bonate_Sopra|9.5396792,45.6705686,9.5876943,45.6949864
46946|Postalesio|9.7654885,46.1549483,9.7906899,46.2222381
45469|Calcinate|9.7489361,45.5962346,9.8272376,45.6465210
44203|Curtatone|10.6523579,45.0569172,10.7763570,45.1661477
46582|Colonno|9.1273705,45.9415898,9.1666182,45.9880794
45598|Gorla_Minore|8.8909610,45.6352839,8.9408518,45.6632258
45439|Busnago|9.4425814,45.5955795,9.4849143,45.6252366
46412|Valganna|8.7997984,45.8726412,8.8510575,45.9306813
46956|Villa_di_Tirano|10.1025574,46.1546677,10.1864406,46.2285714
46707|Gerola_Alta|9.5013534,46.0113776,9.6018817,46.0825810
45315|Nosate|8.7060961,45.5413309,8.7395216,45.5733456
44165|San_Martino_dall_Argine|10.4930556,45.0742705,10.5772432,45.1203368
46664|Campione_d_Italia|8.9585860,45.9616604,8.9793152,45.9841219
45559|Vobarno|10.4387123,45.6235746,10.5535462,45.7269934
45418|Burago_di_Molgora|9.3722787,45.5853062,9.4016629,45.6063018
44767|Dovera|9.5046385,45.3391063,9.5678853,45.3919390
44797|Cassolnovo|8.7184695,45.3443088,8.8691245,45.3938380
44540|Valera_Fratta|9.3099901,45.2374948,9.3595025,45.2715536
44395|Cozzo|8.5831477,45.1758835,8.6507745,45.2383935
44198|Borgo_Virgilio|10.6619186,45.0412247,10.8892339,45.1346624
46359|Valbrona|9.2740994,45.8567418,9.3328181,45.9053230
45376|Busto_Arsizio|8.8047879,45.5681334,8.8819729,45.6427271
44433|Casalromano|10.3103071,45.1850977,10.3847235,45.2156123
43877|Montecalvo_Versiggia|9.2466570,44.9515488,9.2998197,44.9988832
43979|Torricella_del_Pizzo|10.2427806,44.9847269,10.3260327,45.0528920
46136|Gazzaniga|9.7656475,45.7863386,9.8401264,45.8396384
45446|Verdellino|9.5962145,45.5894262,9.6239499,45.6170424
45435|Roncello|9.4414364,45.5908860,9.4772029,45.6104948
43803|Pomponesco|10.5715536,44.9136018,10.6156064,44.9798345
44727|Carpiano|9.2373732,45.3236354,9.3092365,45.3680829
44397|Garlasco|8.8764531,45.1703865,8.9924997,45.2411707
44980|Corzano|9.9834422,45.4140340,10.0586838,45.4613582
44953|Torlino_Vimercati|9.5799613,45.4096903,9.6115547,45.4462397
46309|Cornalba|9.7360530,45.8386443,9.7820419,45.8726287
47016|Vezza_d_Oglio|10.3390912,46.1985580,10.4402852,46.3368712
44672|Besate|8.9342028,45.2826980,8.9995263,45.3245404
46950|Castello_dell_acqua|9.9796852,46.1006338,10.0405791,46.1616209
46077|Lozza|8.8511297,45.7666591,8.8718923,45.7840210
43967|Lirio|9.2465786,44.9897416,9.2704941,45.0063251
44406|Cavacurta|9.7092693,45.1705645,9.7630729,45.2062591
45784|Pedrengo|9.7198542,45.6862533,9.7599473,45.7056390
46101|Cadrezzate|8.6257762,45.7772384,8.6544951,45.8135403
44358|Sesto_ed_Uniti|9.8825950,45.1468394,9.9722248,45.2262010
46352|San_Giovanni_Bianco|9.6077849,45.8528950,9.6899988,45.9200420
45946|Fino_Mornasco|9.0266900,45.7252033,9.0841063,45.7591388
46271|Limone_sul_Garda|10.7539838,45.7974552,10.8415177,45.8430791
46507|Oltressenda_Alta|9.9358844,45.9077301,10.0271812,45.9822163
46165|Berbenno|9.5472692,45.7907279,9.5901623,45.8217578
46712|Carona|9.7626652,46.0028550,9.9124948,46.0513224
46286|Ponte_Lambro|9.2044099,45.8167576,9.2375540,45.8407044
46932|Gera_Lario|9.3495691,46.1369906,9.4242132,46.1752101
44569|Castiraga_Vidardo|9.3793985,45.2465472,9.4161113,45.2824130
44388|Livraga|9.5136110,45.1665786,9.5794741,45.2082006
44519|Bornasco|9.1754544,45.2365313,9.2406763,45.2982326
44006|Frascarolo|8.6346019,45.0129050,8.7469229,45.0682893
45799|Briosco|9.2293259,45.6943451,9.2692566,45.7335633
45576|Odolo|10.3715522,45.6221579,10.4089879,45.6530723
45539|Castelli_Calepio|9.8701284,45.6026538,9.9276346,45.6610128
46157|Carenno|9.4533998,45.7855863,9.4968054,45.8248606
45665|Orio_al_Serio|9.6786403,45.6589533,9.7124864,45.6795841
46118|Tremosine_sul_Garda|10.6414288,45.7411910,10.8082923,45.8424675
45996|Riva_di_Solto|10.0052228,45.7452135,10.0603630,45.7852347
44266|Scaldasole|8.8671575,45.1161845,8.9361708,45.1485491
43972|Schivenoglia|11.0302544,44.9808312,11.0972931,45.0207420
45143|Melzo|9.3953977,45.4830929,9.4539823,45.5179782
46756|Carlazzo|9.1234822,46.0308267,9.1868244,46.0778653
46329|Oneta|9.6501802,45.8400383,9.8382767,45.9085635
44429|Volongo|10.2834338,45.1882865,10.3212504,45.2254545
45408|Caronno_Pertusella|9.0257466,45.5770917,9.0663966,45.6120903
46934|Domaso|9.2975533,46.1271611,9.3630807,46.1643461
46543|Breno|10.2787712,45.9062909,10.4923836,45.9766313
45295|Brugherio|9.2670819,45.5367099,9.3262830,45.5715538
45466|Desio|9.1749382,45.5961801,9.2349795,45.6365128
44678|Casaletto_Ceredano|9.6004227,45.2918028,9.6367101,45.3299833
46523|Ferrera_di_Varese|8.7760839,45.9264637,8.7995211,45.9376338
45613|Rovello_Porro|9.0213292,45.6393854,9.0558746,45.6749250
45073|Borgosatollo|10.2130900,45.4614108,10.2603959,45.5015727
45921|Lavenone|10.3816037,45.7214956,10.4772037,45.8020631
45851|Brembate_di_Sopra|9.5643913,45.7008391,9.5957877,45.7300219
45369|Cellatica|10.1597803,45.5533753,10.1987015,45.5958135
44719|Carpenedolo|10.3974536,45.3203596,10.4708375,45.3834891
45808|Golasecca|8.6414406,45.6810561,8.6883519,45.7135879
45215|Nuvolera|10.3350806,45.5090405,10.3997269,45.5673304
45235|Castano_Primo|8.7110017,45.5231191,8.8098552,45.5734729
45082|Sedriano|8.9581032,45.4620613,8.9935215,45.5058979
45895|Palazzago|9.5074810,45.7254481,9.5642871,45.7811987
45475|Telgate|9.8321333,45.6025458,9.8695168,45.6367823
44654|San_Gervasio_Bresciano|10.1257067,45.2794379,10.1772405,45.3210676
44790|Salvirola|9.7629576,45.3440229,9.8176882,45.3772321
46062|Monte_Marenzo|9.4400629,45.7598092,9.4703212,45.7810076
45563|Grassobbio|9.7051575,45.6298081,9.7437177,45.6696913
44571|Pieve_Fissiraga|9.4247903,45.2446010,9.4780404,45.2913792
46228|Colverde|8.9811624,45.7826886,9.0212625,45.8261423
45622|Chignolo_d_Isola|9.5118020,45.6486733,9.5454191,45.6802943
46997|Ponte_di_Legno|10.4324235,46.1825989,10.5857710,46.3548531
46764|Plesio|9.1870422,46.0307002,9.2447864,46.1000611
44045|San_Daniele_Po|10.1418278,45.0290169,10.2175979,45.0793588
44486|Bertonico|9.6373285,45.2211507,9.7236343,45.2697035
46030|Garbagnate_Monastero|9.2838723,45.7578589,9.3250133,45.7771651
45735|Casto|10.2512729,45.6607982,10.3653977,45.7257621
44746|Locate_di_Triulzi|9.2009833,45.3286818,9.2503033,45.3892596
540415|Pianengo|9.6809029,45.3894808,9.7193573,45.4216776
44457|Paderno_Ponchielli|9.8955263,45.1949670,9.9530372,45.2706675
44291|Torre_de__Picenardi|10.2567184,45.1283401,10.3357939,45.1639479
44273|Belgioioso|9.2585134,45.1052645,9.3656565,45.1735532
44553|Corte_de__Cortesi_con_Cignone|9.9714455,45.2483449,10.0320562,45.2879829
44773|Abbiategrasso|8.8406638,45.3185438,8.9627121,45.4215054
45200|Pozzuolo_Martesana|9.4252153,45.4939194,9.4960937,45.5311535
44196|Pieve_Porto_Morone|9.4112041,45.0936099,9.5066687,45.1300052
45910|Gornate_Olona|8.8459069,45.7208241,8.8798803,45.7512060
45164|Mesero|8.8290389,45.4809657,8.8732230,45.5071360
45723|Locate_Varesino|8.8942419,45.6754494,8.9482141,45.7130891
44128|Mede|8.6904952,45.0570557,8.7800897,45.1293774
47042|Samolaco|9.3094445,46.2103456,9.4450736,46.2790562
45047|Comezzano-Cizzago|9.9187255,45.4370797,9.9839340,45.4930422
43937|Gussola|10.3125251,44.9664280,10.3683942,45.0463056
44022|Lungavilla|9.0641981,45.0190896,9.0991171,45.0510233
44826|Cervignano_d_Adda|9.4091278,45.3614447,9.4516167,45.3862687
45242|Nerviano|8.9481850,45.5212762,9.0099189,45.5772904
46307|Serina|9.6959975,45.8391156,9.7779484,45.9326101
46290|Cerete|9.9631934,45.8304591,10.0341133,45.8813723
44283|Ottobiano|8.7918417,45.1205332,8.8584521,45.1992695
46261|Castelmarte|9.2282341,45.8264092,9.2586194,45.8454151
45422|Bovezzo|10.2299816,45.5823499,10.2690256,45.6208564
45124|Covo|9.7501988,45.4817652,9.8246475,45.5234791
44142|Bressana_Bottarone|9.0915478,45.0542920,9.1583772,45.1127039
46257|Proserpio|9.2372654,45.8206993,9.2685658,45.8404304
46192|Cavallasca|9.0161605,45.8039055,9.0423200,45.8225193
46754|Valleve|9.6847293,46.0143216,9.7655054,46.0641051
45546|Cornate_d_Adda|9.4468334,45.6194298,9.4974636,45.6686312
44298|Breme|8.5852960,45.1024128,8.6552779,45.1582221
44431|Terranova_dei_Passerini|9.6430152,45.1828373,9.7094127,45.2254519
46887|Musso|9.2430192,46.1025383,9.2951981,46.1221712
45948|Cucciago|9.0821258,45.7217969,9.1136484,45.7539411
46045|Daverio|8.7456199,45.7627366,8.7847884,45.7850781
45835|Olgiate_Molgora|9.3844293,45.7035151,9.4227532,45.7495250
45500|Adro|9.9289103,45.5972151,10.0074417,45.6471408
45011|Corbetta|8.8988478,45.4313243,8.9676659,45.4867622
46848|Delebio|9.4149198,46.0774510,9.4729907,46.1533600
46843|Tronzano_Lago_Maggiore|8.7053396,46.0660338,8.7667692,46.1031307
44617|Palestro|8.4978518,45.2592105,8.5664179,45.3193759
47170|Campodolcino|9.2754107,46.3762519,9.4232199,46.4323393
45867|Sumirago|8.7555562,45.7112896,8.8056427,45.7665495
45829|Castelseprio|8.8512566,45.7026264,8.8738456,45.7338809
45328|Caponago|9.3518111,45.5540454,9.4009341,45.5760999
44336|Castel_d_Ario|10.9379329,45.1387927,10.9990243,45.2070685
43929|Suzzara|10.6498914,44.9628403,10.8173608,45.0405708
44669|Corte_Palasio|9.5403057,45.2771826,9.5962841,45.3417202
46566|Dizzasco|9.0939359,45.9391355,9.1369375,45.9571717
45371|Paderno_Franciacorta|10.0674091,45.5656297,10.1042226,45.5970237
44842|Offlaga|10.0605135,45.3527124,10.1629909,45.4052353
46125|Irma|10.2795244,45.7618482,10.3190659,45.7874285
44355|Pessina_Cremonese|10.2276459,45.1547647,10.3099228,45.2107706
44718|Calvisano|10.2989880,45.3135214,10.4047262,45.4002683
44931|Buccinasco|9.0866912,45.3767163,9.1330879,45.4375122
47034|Monno|10.2790940,46.1958166,10.3538880,46.2889157
46552|Grantola|8.7698282,45.9367130,8.7985861,45.9556606
45148|Castrezzato|9.9480497,45.4871445,10.0130442,45.5320696
44777|Crema|9.6289007,45.3391886,9.7403954,45.3926122
44456|Goito|10.5658859,45.2065549,10.7333010,45.2955319
45521|Ferno|8.7064199,45.6059672,8.7778150,45.6334686
45131|Vignate|9.3476579,45.4765360,9.4072814,45.5136974
44088|Serravalle_a_Po|11.0443840,45.0435410,11.1210540,45.1050467
45503|Monticelli_Brusati|10.0765302,45.6113677,10.1189436,45.6604696
45657|Lallio|9.6153611,45.6516073,9.6356086,45.6746980
46584|Valnegra|9.6748679,45.9452252,9.6955233,45.9721998
46859|Colico|9.2926244,46.0925517,9.4144468,46.1517160
44234|Roncoferraro|10.8779996,45.0713402,11.0266638,45.1707136
44531|Casaloldo|10.4523648,45.2284807,10.5129218,45.2769430
46965|Livo|9.2466378,46.1623970,9.3376781,46.2395703
44455|Corte_de__Frati|10.0684528,45.2030151,10.1457881,45.2505987
44480|Castello_d_Agogna|8.6591864,45.2097529,8.7126196,45.2592659
46029|Costa_Masnaga|9.2437302,45.7560182,9.2919832,45.7766413
45324|Pozzo_d_Adda|9.4799241,45.5577644,9.5138371,45.5871296
45876|Perego|9.3383738,45.7179758,9.3754579,45.7463826
45382|Nova_Milanese|9.1737947,45.5759696,9.2138264,45.6028179
44628|Albonese|8.6890682,45.2813774,8.7237877,45.3026090
44191|Campospinoso|9.2334757,45.0838750,9.2643413,45.1064123
46339|Monvalle|8.5923115,45.8447951,8.6441501,45.8662078
44213|Derovere|10.2189247,45.0932514,10.2757489,45.1337619
45494|Gardone_Riviera|10.5321284,45.6032873,10.6309879,45.6765823
45991|Angera|8.5522749,45.7491693,8.6456444,45.7946122
45623|Turate|8.9780766,45.6437472,9.0291938,45.6807514
46771|Bema|9.5557633,46.0406009,9.6226466,46.1169290
46059|Capiago_Intimiano|9.1096630,45.7565522,9.1528778,45.7849217
45238|Morengo|9.6876320,45.5217242,9.7377372,45.5565725
46541|Roncobello|9.7099038,45.9280948,9.8147959,45.9799419
45660|Gorla_Maggiore|8.8844725,45.6548308,8.9262009,45.6777119
45923|Pertica_Bassa|10.3344881,45.7232424,10.4242727,45.7926267
45115|Antegnate|9.7653551,45.4699056,9.8299389,45.5022184
46695|Porlezza|9.0792947,46.0004322,9.1610818,46.0557484
46870|Talamona|9.5954541,46.0895403,9.6634254,46.1559133
46519|Pasturo|9.3858391,45.9208641,9.4535540,45.9742834
45023|Roccafranca|9.8841137,45.4229034,9.9524554,45.4897246
43833|Canevino|9.2639305,44.9310904,9.3095096,44.9531871
44227|Guardamiglio|9.6376129,45.0973104,9.7017192,45.1285150
45483|Villasanta|9.2953964,45.5927919,9.3255441,45.6216928
45461|Roè_Volciano|10.4727041,45.6007489,10.5239071,45.6356619
46420|Besano|8.8841556,45.8734616,8.9243856,45.9020129
44053|Canneto_Pavese|9.2662299,45.0337416,9.3040206,45.0623591
45484|Arcore|9.2980113,45.6052982,9.3466120,45.6492541
45389|Mornico_al_Serio|9.7845234,45.5642003,9.8212900,45.6048637
46508|Cugliate-Fabiasco|8.7944078,45.9196325,8.8523398,45.9684950
46238|Rodero|8.9069438,45.8145961,8.9294893,45.8342699
46003|Venegono_Superiore|8.8814075,45.7404443,8.9226434,45.7700740
46332|Ponte_Nossa|9.8639649,45.8492765,9.9080420,45.8737979
45764|Montevecchia|9.3538073,45.6854948,9.3930176,45.7237003
45746|Missaglia|9.3220737,45.6766886,9.3692372,45.7273962
46841|Cremia|9.2210990,46.0763318,9.2951712,46.1014611
46587|Sala_Comacina|9.1337764,45.9530774,9.1774953,45.9900784
45575|Bottanuco|9.4935722,45.6255152,9.5356643,45.6497110
45703|Paderno_d_Adda|9.4269908,45.6637146,9.4779300,45.6850339
44074|San_Giovanni_in_Croce|10.3577885,45.0401265,10.4018577,45.1087575
44384|Pescarolo_ed_Uniti|10.1641894,45.1728556,10.2356733,45.2181674
44509|Certosa_di_Pavia|9.1000297,45.2283525,9.1521305,45.2772910
44709|Borgo_San_Giacomo|9.9324357,45.3123048,10.0355644,45.3789711
44963|Capralba|9.6105774,45.4004987,9.6693832,45.4587062
45342|Cambiago|9.3916520,45.5576185,9.4500789,45.5861860
46722|Perledo|9.2680250,45.9966719,9.3345570,46.0394659
45145|Rezzato|10.2795689,45.4777100,10.3485506,45.5378401
46131|Algua|9.7009444,45.7863004,9.7684156,45.8489277
46682|Gandellino|9.8861365,45.9771451,9.9871769,46.0374209
46099|Ello|9.3515042,45.7723321,9.3727989,45.7923562
46022|Pezzaze|10.1723161,45.7533626,10.2681463,45.8155278
46018|Crosio_della_Valle|8.7519765,45.7537956,8.7775612,45.7662097
46948|Vercana|9.3142484,46.1517160,9.3630807,46.2326887
46142|Bedulita|9.5225942,45.7826106,9.5659948,45.8038107
44689|Azzanello|9.8987286,45.2832783,9.9443888,45.3398708
45787|Gorle|9.7022008,45.6886148,9.7261720,45.7134992
45525|Olgiate_Olona|8.8578959,45.6142670,8.8965339,45.6434982
46953|Aprica|10.1053303,46.0917532,10.1750898,46.1618689
43926|Pegognaga|10.7968580,44.9673811,10.9241816,45.0341734
45245|Sesto_San_Giovanni|9.2069400,45.5173444,9.2717314,45.5567630
44538|Giussago|9.1102034,45.2458947,9.1963827,45.3107765
46386|Oltre_il_Colle|9.7328252,45.8725087,9.8248226,45.9515489
44484|Formigara|9.7150492,45.2135494,9.7889001,45.2491705
44138|Cella_Dati|10.1795695,45.0645490,10.2501746,45.1130535
46684|Claino_con_Osteno|9.0484943,45.9925937,9.1363715,46.0264198
45682|Villongo|9.9049585,45.6614676,9.9478403,45.6895163
2355396|Agra|8.7498216,46.0279679,8.7780593,46.0450616
46474|Prestine|10.3024917,45.8966674,10.4413400,45.9357313
44587|Torrevecchia_Pia|9.2568912,45.2527702,9.3340964,45.3058340
45316|Paderno_Dugnano|9.1348137,45.5509497,9.2030062,45.5932467
44753|Montanaso_Lombardo|9.4287576,45.3238584,9.4969906,45.3503424
44758|Fiesco|9.7553886,45.3174818,9.8042032,45.3517594
44852|Orzinuovi|9.8840666,45.3543025,10.0304012,45.4416997
46268|Casciago|8.7533201,45.8203329,8.7927730,45.8465097
44823|Offanengo|9.7271972,45.3652190,9.7728745,45.4081068
45963|Castiglione_Olona|8.8482382,45.7372929,8.8873100,45.7717037
43820|Dosolo|10.6080293,44.9216536,10.6876956,45.0006943
46445|Cassina_Valsassina|9.4740532,45.8929561,9.4985794,45.9377797
44285|Semiana|8.7000910,45.1224207,8.7561669,45.1592064
44721|Leno|10.1627557,45.3114983,10.2694916,45.4105976
45421|Concesio|10.1722097,45.5858736,10.2589466,45.6370635
46031|Bovegno|10.2216277,45.7600341,10.3369132,45.8749301
44309|Travacò_Siccomario|9.1356937,45.1220411,9.2101281,45.1728874
46116|Varese|8.7412525,45.7785528,8.8698100,45.8852587
46749|Dumenza|8.7640239,45.9998055,8.8291101,46.0613970
44566|Castelleone|9.7285665,45.2521524,9.8265685,45.3386589
44178|Gerre_de__Caprioli|10.0188882,45.0712239,10.0617619,45.1140771
44894|Pozzolengo|10.5846765,45.3821626,10.6558871,45.4438060
46319|Viggiù|8.8898366,45.8428282,8.9240802,45.8957950
46223|Erve|9.4342169,45.8117407,9.4743857,45.8384867
46109|Capizzone|9.5505826,45.7786493,9.6021627,45.7993231
45339|Magnago|8.7824386,45.5598637,8.8365172,45.6021735
43957|Magnacavallo|11.1285234,44.9720085,11.2242970,45.0315162
44731|Cumignano_sul_Naviglio|9.8174591,45.3274351,9.8552850,45.3697790
45416|Verdello|9.6192581,45.5814534,9.6562637,45.6198548
44325|Velezzo_Lomellina|8.7110261,45.1343553,8.7629673,45.1809969
46052|Sedrina|9.6093890,45.7632738,9.6503959,45.7877428
46214|Vertova|9.7692818,45.8032183,9.8598680,45.8569843
43482|Brallo_di_Pregola|9.2328004,44.6799090,9.3343205,44.7637980
46416|Angolo_Terme|10.0906005,45.8684956,10.1791736,45.9374644
46193|San_Fermo_della_Battaglia|9.0232168,45.7918954,9.0650157,45.8176744
44786|Casalmaiocco|9.3531456,45.3462137,9.3905775,45.3709294
44696|Casarile|9.0740003,45.3029699,9.1295416,45.3262845
46451|Oliveto_Lario|9.2560488,45.8922964,9.3147988,45.9666490
44010|Quingentole|11.0040112,45.0078247,11.0770470,45.0630655
46522|Cassano_Valcuvia|8.7438499,45.9207960,8.7793297,45.9431639
43788|Rocca_Susella|9.0717910,44.8926817,9.1214753,44.9456058
46847|Cavargna|9.0723726,46.0764574,9.1218256,46.1348475
45796|Carimate|9.0955553,45.6886253,9.1239335,45.7263999
45934|Alzano_Lombardo|9.6842480,45.7223819,9.7439552,45.7834283
46356|Leggiuno|8.5701414,45.8524464,8.6390548,45.8912517
45374|Vanzaghello|8.7564551,45.5643968,8.7989827,45.6027340
45072|Sirmione|10.5767020,45.4420363,10.6481092,45.5149530
44371|Bigarello|10.8610384,45.1565926,10.9613509,45.2139123
45648|Lentate_sul_Seveso|9.0879298,45.6525802,9.1539887,45.6971297
44180|Caselle_Landi|9.7684683,45.0535325,9.8486375,45.1309196
45133|Mazzano|10.3228834,45.4718896,10.3824069,45.5341999
45519|Levate|9.6083372,45.6149435,9.6448345,45.6429327
44327|Codogno|9.6580093,45.1415299,9.7305921,45.1919067
44353|Miradolo_Terme|9.4171725,45.1600261,9.4782754,45.1996997
44663|Acquafredda|10.3852994,45.2855885,10.4306676,45.3238855
45255|Bollate|9.0812047,45.5303993,9.1493584,45.5689824
46777|Piateda|9.8454404,46.0451706,9.9872201,46.1672122
43966|Pietra_de__Giorgi|9.2127741,44.9944777,9.2757713,45.0411595
46929|Dubino|9.4212589,46.1434346,9.4706713,46.1883968
45589|Cardano_al_Campo|8.7232492,45.6336875,8.7878740,45.6603017
44352|San_Giorgio_di_Mantova|10.8142620,45.1424199,10.8919455,45.2278034
45827|Carnago|8.8203939,45.7019622,8.8534357,45.7364241
45274|Polpenazze_del_Garda|10.4643872,45.5277108,10.5329826,45.5646442
45089|Truccazzano|9.4298591,45.4479861,9.5155568,45.5108637
45194|Robecchetto_con_Induno|8.7227270,45.4976973,8.7957329,45.5425202
44451|Magherno|9.3104123,45.2038769,9.3489647,45.2330830
45731|Limido_Comasco|8.9609539,45.6706565,8.9975020,45.7001918
46149|Ispra|8.5800827,45.7896044,8.6427278,45.8336140
44763|Zibido_San_Giacomo|9.0701843,45.3381504,9.1480432,45.4086594
44710|Morimondo|8.9127963,45.3166826,8.9965543,45.3865111
45445|Boltiere|9.5598348,45.5870941,9.5987411,45.6101307
44426|Grontardo|10.1184160,45.1795505,10.1765362,45.2221033
44581|Borgo_San_Giovanni|9.3964855,45.2575213,9.4448641,45.2914291
45139|Rudiano|9.8698196,45.4670010,9.9184995,45.5039459
45027|Azzano_Mella|10.0869946,45.4362399,10.1328157,45.4979719
46138|Cazzano_Sant_Andrea|9.8595754,45.7892130,9.8941605,45.8337651
43884|Golferenzo|9.2875372,44.9495426,9.3248679,44.9732318
44559|Bereguardo|8.9795324,45.2272812,9.0452561,45.2780550
44312|Torre_de__Negri|9.3170123,45.1329272,9.3559198,45.1591374
44489|Annicco|9.8516009,45.2250541,9.9197680,45.2798786
46672|Ramponio_Verna|9.0325987,45.9863183,9.0768682,46.0072692
46406|Nesso|9.1393880,45.8708813,9.2094956,45.9394077
46172|Bagolino|10.3671379,45.7962820,10.5443520,45.9328974
44518|Mairago|9.5555572,45.2335424,9.6185670,45.2751431
46243|Malgesso|8.6587012,45.8136235,8.6852705,45.8360802
44026|Revere|11.1057788,45.0134940,11.1691907,45.0683548
46090|Ranzanico|9.9175737,45.7699361,9.9616318,45.8079659
46807|Curiglia_con_Monteviasco|8.7924759,46.0403064,8.8545039,46.0780748
46258|Ronago|8.9698989,45.8215929,8.9977645,45.8386578
46729|Casargo|9.3463695,46.0123763,9.4580770,46.0658643
44405|Cergnago|8.7217055,45.1749494,8.8010471,45.2193595
45616|Madone|9.5280740,45.6411017,9.5635141,45.6602045
45693|Lazzate|9.0616238,45.6605944,9.1009362,45.6855459
46377|Morterone|9.4427766,45.8579785,9.5240149,45.9012914
46181|Sovere|9.9753477,45.7994752,10.0579296,45.8483362
44896|Mediglia|9.2967385,45.3855483,9.3860408,45.4369759
45958|Tignale|10.6419355,45.7031152,10.7635183,45.7841308
45544|Lumezzane|10.2219804,45.6194718,10.3229700,45.6802604
46363|Dossena|9.6793396,45.8575898,9.7241755,45.9325926
45214|Gorgonzola|9.3784727,45.5098614,9.4342445,45.5493684
47059|Caspoggio|9.8474096,46.2369916,9.8968786,46.2684609
46063|Torre_de__Busi|9.4500821,45.7611741,9.5189384,45.7960170
43670|Ponte_Nizza|9.0782727,44.8172748,9.1634091,44.8874635
44476|Scandolara_Ripa_d_Oglio|10.1319035,45.2115214,10.1682115,45.2434466
370527|San_Siro|9.2198540,46.0118387,9.2941756,46.0818408
44814|Vaiano_Cremasco|9.5719412,45.3563865,9.6134488,45.3896707
45865|Inverigo|9.1923988,45.7168780,9.2572401,45.7561052
46735|Bellano|9.2770630,46.0204893,9.3350496,46.0637402
46325|Malgrate|9.3659586,45.8391596,9.3927250,45.8564454
44939|Casaletto_di_Sopra|9.7654161,45.3988686,9.8210718,45.4305542
46725|Ono_San_Pietro|10.2432324,46.0096977,10.3461094,46.0660347
46608|Esino_Lario|9.3041766,45.9531295,9.3992032,46.0146178
45291|Pontoglio|9.8362928,45.5398951,9.8795242,45.5865143
45883|Pontida|9.4460446,45.7155829,9.5296270,45.7479623
44595|Vellezzo_Bellini|9.0794376,45.2538887,9.1277360,45.2937904
45712|Brusaporto|9.7428713,45.6581372,9.7817402,45.6834519
45652|Paratico|9.9350940,45.6457922,9.9802449,45.6674860
45257|Novate_Milanese|9.1212104,45.5180832,9.1585217,45.5459025
46737|Vendrogno|9.3178351,46.0232688,9.3659841,46.0715482
44821|Dresano|9.3520320,45.3644542,9.3792555,45.3874363
46057|Zogno|9.6245458,45.7637024,9.7313789,45.8292191
45086|Cornaredo|8.9974770,45.4619304,9.0519233,45.5144746
43625|Menconico|9.2305045,44.7724007,9.3215348,44.8259830
46073|Buguggiate|8.7933236,45.7714386,8.8215352,45.7986600
45337|Palazzolo_sull_Oglio|9.8490625,45.5526866,9.9355419,45.6238234
45987|Airuno|9.4002503,45.7452164,9.4419192,45.7659078
46188|Cesana_Brianza|9.2799781,45.8037836,9.3159729,45.8375441
46103|Alserio|9.1934655,45.7725907,9.2100763,45.7889535
46654|Branzi|9.7203429,45.9762324,9.8429799,46.0322297
46768|Cedegolo|10.3448879,46.0429845,10.4288937,46.0857800
45949|Casazza|9.8782546,45.7360688,9.9339002,45.7625607
45605|Solbiate_Olona|8.8520267,45.6399917,8.8931189,45.6594942
45831|Berzo_San_Fermo|9.8872434,45.7028185,9.9386282,45.7269578
45351|Puegnago_sul_Garda|10.4816371,45.5547476,10.5434764,45.5874717
46589|Pigra|9.1067523,45.9510993,9.1434744,45.9800012
46469|Zelbio|9.1703215,45.8888557,9.2159183,45.9156417
45246|Buscate|8.7938332,45.5259625,8.8358821,45.5622460
45087|Settimo_Milanese|9.0320050,45.4570759,9.0777629,45.5098940
46872|Cosio_Valtellino|9.4876382,46.0916143,9.5674662,46.1501220
45926|Ponteranica|9.6381856,45.7198237,9.7008618,45.7665971
44962|Robecco_sul_Naviglio|8.8245349,45.3989468,8.9169115,45.4516304
45077|Pumenengo|9.8323099,45.4537451,9.8929914,45.4888697
47021|Vione|10.4086386,46.2030378,10.4715765,46.3170027
44146|Bagnolo_San_Vito|10.8146460,45.0460536,10.9825948,45.1136286
46393|Laglio|9.1140083,45.8733566,9.1491579,45.9033762
44376|Alagna|8.8668462,45.1489677,8.9174590,45.1820929
46482|Bellagio|9.2097031,45.9122629,9.2829794,46.0034609
46266|San_Pellegrino_Terme|9.6128874,45.8164581,9.7034080,45.8646604
44937|Albairate|8.9145666,45.3999300,8.9743534,45.4490517
44331|Cicognolo|10.1809926,45.1483705,10.2291234,45.1790116
44492|Roverbella|10.7476427,45.2167591,10.8979338,45.3156995
46001|Morazzone|8.8134295,45.7512060,8.8560227,45.7735060
47083|Prata_Camportaccio|9.3835233,46.2574732,9.4707221,46.3161212
46295|Cernobbio|9.0486573,45.8316561,9.1000702,45.8850947
44363|San_Colombano_al_Lambro|9.4373645,45.1614258,9.5324107,45.2020385
43781|Ruino|9.2090679,44.8954839,9.2950083,44.9459700
46330|Asso|9.2434660,45.8464894,9.2868183,45.8878116
45633|Carobbio_degli_Angeli|9.8169005,45.6422926,9.8816535,45.6767676
45854|Borgo_di_Terzo|9.8539701,45.7145524,9.8992282,45.7355143
46686|Valsolda|9.0075704,45.9928872,9.1023531,46.0653103
46119|Inarzo|8.7123174,45.7788923,8.7431161,45.7933185
47054|Gordona|9.2482055,46.2326654,9.3904757,46.3029710
45855|Appiano_Gentile|8.9387027,45.7149113,8.9985576,45.7606045
46825|Pedesina|9.4925631,46.0660646,9.5582881,46.0899387
44369|Albuzzano|9.2340944,45.1651066,9.3020301,45.2120697
46388|Mandello_del_Lario|9.2942074,45.8611240,9.3956149,45.9718839
46384|Bisuschio|8.8470986,45.8639517,8.8924061,45.8983324
44901|Campagnola_Cremasca|9.6573356,45.3874944,9.6851376,45.4169503
45330|San_Giorgio_su_Legnano|8.8974388,45.5579543,8.9219925,45.5805664
44093|Castelletto_di_Branduzzo|9.0667432,45.0476973,9.1232122,45.0958329
44461|Villanterio|9.3215155,45.2047169,9.4010942,45.2497060
46227|Uggiate-Trevano|8.9429951,45.8091863,8.9874185,45.8376218
44409|Persico_Dosimo|10.0357561,45.1553567,10.1245707,45.2091652
44771|Vizzolo_Predabissi|9.3337676,45.3394635,9.3622889,45.3785529
46629|Losine|10.2829787,45.9643863,10.3345750,45.9953655
45400|Trezzano_Rosa|9.4673315,45.5718928,9.5004280,45.5956924
45414|Limbiate|9.0930973,45.5837456,9.1471006,45.6248942
46285|Besozzo|8.5946219,45.8359892,8.6986023,45.8687093
43902|Voghera|8.9606239,44.9590042,9.0698024,45.0690542
44122|Torre_Beretti_e_Castellaro|8.6368970,45.0534191,8.7299946,45.0978853
44665|Lodi|9.4429595,45.2783423,9.5522576,45.3519476
46038|Dolzago|9.3279299,45.7617115,9.3587234,45.7781294
45766|Cernusco_Lombardone|9.3725989,45.6806621,9.4085419,45.7030117
44362|Porto_Mantovano|10.6864989,45.1603835,10.8385342,45.2266251
45305|Muscoline|10.4361965,45.5384440,10.4915470,45.5774596
45846|Sesto_Calende|8.5824264,45.7107969,8.6781545,45.7779283
46927|Andalo_Valtellino|9.4623193,46.0863248,9.4880093,46.1482673
46913|Gravedona_ed_Uniti|9.1209259,46.1234453,9.3173107,46.1918752
44989|Cisliano|8.9573295,45.4149629,9.0238214,45.4667156
45283|Castegnato|10.0870571,45.5387704,10.1434748,45.5741442
44078|Scandolara_Ravara|10.2733229,45.0239027,10.3440207,45.0673957
43847|Torrazza_Coste|9.0676897,44.9283345,9.1271061,44.9974390
44296|Orio_Litta|9.5305734,45.1315840,9.5725052,45.1773582
44615|Cornegliano_Laudense|9.4561962,45.2724114,9.5060020,45.2997809
44082|Spineda|10.4913681,45.0417191,10.5405766,45.0839426
45804|Oggiona_con_Santo_Stefano|8.8081067,45.6886685,8.8292736,45.7099143
45727|San_Paolo_d_Argon|9.7830413,45.6715668,9.8208213,45.7071646
44585|Ripalta_Arpina|9.7010702,45.2592055,9.7406378,45.3196384
45641|Misinto|9.0520260,45.6499450,9.1064127,45.6674265
45014|Capriano_del_Colle|10.1198125,45.4156674,10.1591580,45.4825704
45681|Bergamo|9.6193564,45.6554235,9.7137063,45.7314001
45790|Presezzo|9.5539072,45.6859245,9.5862977,45.7018935
45150|Fornovo_San_Giovanni|9.6661373,45.4761696,9.7262034,45.5059839
45496|Saronno|9.0138001,45.6093861,9.0625967,45.6463236
45874|Viganò|9.3183938,45.7146345,9.3391846,45.7300862
46140|Erba|9.1828774,45.7877614,9.2547740,45.8448416
46114|Selvino|9.7309622,45.7684432,9.7645995,45.8011987
44407|Genzone|9.3313495,45.1688667,9.3657876,45.1937148
45066|Castel_Gabbiano|9.6971171,45.4575976,9.7380545,45.4828655
46112|Magasa|10.5979323,45.7542816,10.6692374,45.8069304
45229|Cortenova|9.3543958,45.9721017,9.4263390,46.0157408
43923|Calvignano|9.1455113,44.9684898,9.1832958,45.0001763
44131|Cingia_de__Botti|10.2341762,45.0603699,10.2989518,45.1022654
46968|Poggiridenti|9.9119646,46.1636235,9.9389182,46.1823078
46404|Sormano|9.2054092,45.8716529,9.2572229,45.9139919
43980|Rovescala|9.3181877,44.9935658,9.3759408,45.0274146
44929|Dello|10.0569508,45.3930721,10.1465738,45.4445776
47030|Torre_di_Santa_Maria|9.7383866,46.1978730,9.8950264,46.2681122
44295|Acquanegra_sul_Chiese|10.4088179,45.1272453,10.5268467,45.1880068
45898|Vigano_San_Martino|9.8688827,45.7222407,9.9097058,45.7391132
43809|Rivanazzano_Terme|8.9695902,44.9007486,9.0766096,44.9672064
43852|Quistello|10.9507649,44.9341989,11.0399478,45.0641719
44515|Olmeneta|9.9990099,45.2284287,10.0699638,45.2516895
45296|Carugate|9.3217131,45.5398323,9.3665518,45.5620305
45552|Osio_Sopra|9.5583735,45.6217526,9.6126976,45.6399388
44978|Agnadello|9.5255653,45.4225074,9.5861130,45.4604468
46648|Ceto|10.3345750,45.9590860,10.4723606,46.0274324
46453|Schignano|9.0762571,45.8985204,9.1180950,45.9416304
46670|Schilpario|10.1035585,45.9827829,10.2627486,46.0618552
44412|Inverno_e_Monteleone|9.3694688,45.1767305,9.4230668,45.2105005
43996|Carbonara_di_Po|11.2142699,44.9932404,11.2791730,45.0550102
46162|Casnigo|9.8434554,45.7890400,9.8989749,45.8513771
46245|Pescate|9.3866373,45.8202498,9.4040783,45.8440987
45272|Cazzago_San_Martino|10.0006336,45.5197303,10.0640010,45.6113165
44225|Spessa|9.3003470,45.1030550,9.3613230,45.1405027
45769|Besnate|8.7418999,45.6845944,8.7810982,45.7178489
44035|Stagno_Lombardo|10.0267323,45.0230584,10.1316899,45.1062673
46988|Novate_Mezzola|9.4177354,46.1771877,9.5831559,46.3065473
45135|Arluno|8.9151242,45.4858151,8.9826730,45.5282127
45095|Pioltello|9.3021779,45.4598866,9.3488078,45.5150603
45075|Vittuone|8.9381136,45.4554441,8.9753680,45.4994672
45319|Monza|9.2270251,45.5532615,9.3243874,45.6321966
46133|Albavilla|9.1648640,45.7820753,9.2160772,45.8376823
43867|Volpara|9.2828652,44.9354098,9.3227274,44.9575669
44062|Broni|9.2096720,45.0391111,9.2811255,45.1104294
45587|Seriate|9.7003841,45.6306753,9.7586127,45.6946327
46591|Blessagno|9.0872192,45.9524954,9.1195134,45.9811163
46042|Valgreghentino|9.3832914,45.7578261,9.4233600,45.7891081
44132|San_Martino_del_Lago|10.2948869,45.0633396,10.3437741,45.0998137
44723|Bubbiano|8.9910790,45.3172927,9.0201443,45.3403763
44314|Canneto_sull_Oglio|10.3287482,45.1309497,10.4231094,45.1950692
46379|Cuvio|8.7130573,45.8689032,8.7560067,45.9024631
46460|Rancio_Valcuvia|8.7533518,45.8961324,8.7940172,45.9300044
45425|Vimercate|9.3261554,45.5857331,9.4054393,45.6396757
45710|Montello|9.7839265,45.6657485,9.8150484,45.6787751
44453|Piubega|10.4927723,45.1924082,10.5600725,45.2443455
44482|Roncaro|9.2488017,45.2173877,9.2908270,45.2404065
46414|Brinzio|8.7739128,45.8718442,8.8182266,45.9013315
46311|Clivio|8.9052241,45.8428282,8.9453151,45.8703980
46783|Cedrasco|9.7619846,46.0528947,9.8144172,46.1571545
45621|Bonate_Sotto|9.5400437,45.6466850,9.5837197,45.6749533
45772|Tavernola_Bergamasca|10.0143755,45.6754879,10.0742051,45.7248594
46975|Trezzone|9.3388114,46.1666523,9.3669392,46.2095842
356769|Baranzate|9.0966721,45.5189458,9.1249445,45.5372233
45985|Lurate_Caccivio|8.9700402,45.7457228,9.0115004,45.7833817
46027|Mercallo|8.6542755,45.7357209,8.6898352,45.7681865
46050|Varano_Borghi|8.6910359,45.7568376,8.7163032,45.7853483
44625|Castelvisconti|9.9283697,45.2807018,9.9749411,45.3214060
46220|Bregano|8.6770542,45.8118946,8.7000774,45.8325867
46147|Tavernerio|9.1160308,45.7861360,9.1624559,45.8383721
44277|Badia_Pavese|9.4348960,45.1075288,9.4785521,45.1390769
44506|Borgarello|9.1325286,45.2286265,9.1696614,45.2526727
44714|Manerbio|10.1012210,45.3127827,10.1823821,45.3913804
46121|Albese_con_Cassano|9.1494099,45.7839893,9.1775554,45.8391842
44306|Vescovato|10.1372671,45.1355513,10.2024663,45.1918044
45313|Fara_Gera_d_Adda|9.5247165,45.5242743,9.5681670,45.5658695
46506|Ardesio|9.8007759,45.9106033,9.9928293,45.9836198
44047|Verretto|9.0972597,45.0289758,9.1203123,45.0500536
46375|Saltrio|8.9169094,45.8627930,8.9346308,45.8922708
44393|Grumello_Cremonese_ed_Uniti|9.8356922,45.1683470,9.8960610,45.2357559
46436|Brenta|8.6779160,45.8904330,8.7021208,45.9250988
45669|Gargnano|10.5338304,45.6558824,10.7293049,45.7521674
44252|Malagnino|10.0855183,45.1081818,10.1521311,45.1479401
45672|Correzzana|9.2953134,45.6537907,9.3151815,45.6837634
47222|Bormio|10.3536962,46.4441514,10.4766852,46.5411312
45911|Venegono_Inferiore|8.8789124,45.7249465,8.9304770,45.7549090
46096|Rogeno|9.2493887,45.7720940,9.2901823,45.8027213
44343|Valle_Salimbene|9.2092432,45.1372857,9.2573637,45.1829463
45372|Rodengo-Saiano|10.0857393,45.5688289,10.1347847,45.6127409
45974|Monasterolo_del_Castello|9.9092439,45.7423155,9.9673393,45.7760281
44923|Casaletto_Vaprio|9.6200708,45.3978811,9.6662326,45.4234717
46679|Averara|9.5995198,45.9769721,9.6579005,46.0472800
45175|Urago_d_Oglio|9.8509940,45.4951045,9.9064128,45.5465859
45931|Veduggio_con_Colzano|9.2413612,45.7247071,9.2819324,45.7424391
46528|Marchirolo|8.8148581,45.9223153,8.8557481,45.9641852
46821|Tremenico|9.3472847,46.0598125,9.4078795,46.0955913
44066|Pieve_d_Olmi|10.1055876,45.0307842,10.1562071,45.1156108
47199|Madesimo|9.2469833,46.4136736,9.4092944,46.5095095
46296|Brumano|9.4664610,45.8378622,9.5299531,45.8702014
44853|Opera|9.1888984,45.3612212,9.2303703,45.3976261
44485|San_Bassano|9.7647140,45.2190321,9.8389746,45.2594310
45212|Pero|9.0552300,45.4973552,9.0987666,45.5242216
46776|Caiolo|9.7845312,46.0438609,9.8492279,46.1609276
44063|Cigognola|9.2256988,45.0206381,9.2704303,45.0564299
45760|Viadanica|9.9484684,45.6766885,9.9959249,45.7022433
45081|Maclodio|10.0223137,45.4618595,10.0579020,45.4989948
46244|Longone_al_Segrino|9.2428916,45.8107708,9.2726804,45.8371236
45012|Pantigliate|9.3417309,45.4271840,9.3777018,45.4553314
46580|Pellio_Intelvi|9.0121692,45.9381068,9.0724420,45.9878701
46282|Pian_Camuno|10.1177759,45.8089621,10.2106779,45.8520668
45725|Zandobbio|9.8468779,45.6736302,9.9070755,45.6946823
44827|Zelo_Buon_Persico|9.4040785,45.3659761,9.4700670,45.4233524
46371|Vedeseta|9.5045481,45.8655069,9.5808493,45.9571353
45676|Osnago|9.3606116,45.6618197,9.4087527,45.6906674
46078|Cene|9.8166736,45.7626890,9.8794244,45.7965863
44563|Vidigulfo|9.2026213,45.2601055,9.2677652,45.3219918
46590|Olmo_al_Brembo|9.6316691,45.9490865,9.6716476,45.9923528
45869|Albizzate|8.7856892,45.7118946,8.8153008,45.7415629
46557|Azzone|10.0988993,45.9374257,10.1788333,45.9959512
45405|Collebeato|10.1895192,45.5696990,10.2224652,45.6010678
45562|Stezzano|9.6262377,45.6270565,9.6761791,45.6653212
46291|Faggeto_Lario|9.1341838,45.8355835,9.2074450,45.8804565
45498|Rescaldina|8.9292027,45.6048493,8.9786342,45.6421767
46256|Rota_d_Imagna|9.4888245,45.8170245,9.5327598,45.8544346
46919|Stazzona|9.2058231,46.1318558,9.2842860,46.1659619
45836|Solbiate_Arno|8.8051401,45.7091896,8.8276097,45.7306544
45234|Bussero|9.3522152,45.5228425,9.3849933,45.5475421
45984|Casnate_con_Bernate|9.0559551,45.7469336,9.0917945,45.7736251
43990|Corvino_San_Quirico|9.1324032,45.0001763,9.1713465,45.0360472
46034|Gaverina_Terme|9.8623336,45.7404635,9.9046904,45.7715227
44155|Sospiro|10.1265420,45.0777165,10.1991950,45.1388588
46491|Camerata_Cornello|9.6144568,45.8918540,9.6673595,45.9363544
46454|Brienno|9.1052235,45.8948354,9.1450011,45.9351324
44357|Pizzighettone|9.7499239,45.1597331,9.8437524,45.2235529
44080|Cornale_e_Bastida|8.8876278,45.0327720,8.9356441,45.0923467
45978|Bulciago|9.2712560,45.7459357,9.3058725,45.7642360
46979|Sorico|9.3726470,46.1535298,9.4406278,46.2234385
45137|Casirate_d_Adda|9.5182652,45.4837723,9.5875407,45.5161520
43721|Zavattarello|9.2324463,44.8262333,9.3267929,44.9039038
46117|Malnate|8.8571317,45.7830883,8.9085125,45.8152425
45118|Lograto|10.0441090,45.4616980,10.1062466,45.5083117
45843|Mura|10.3097973,45.6983956,10.3785423,45.7334636
44305|Valle_Lomellina|8.6170373,45.1318744,8.7253519,45.1790724
46839|Vestreno|9.3156158,46.0769242,9.3509957,46.1107268
45647|Azzano_San_Paolo|9.6590461,45.6464534,9.7037185,45.6704277
45325|Canegrate|8.9038873,45.5486629,8.9475124,45.5854812
44713|Cerro_al_Lambro|9.2987922,45.3117496,9.3558340,45.3526608
44087|Corana|8.9238047,45.0401347,9.0030549,45.0947313
43898|Santa_Maria_della_Versa|9.2594361,44.9565349,9.3480063,45.0151320
43991|Torricella_Verzate|9.1561697,45.0096898,9.1881514,45.0393124
46055|Vedano_Olona|8.8675042,45.7558185,8.9090485,45.7877184
45111|Santo_Stefano_Ticino|8.8910004,45.4782116,8.9343794,45.5028220
44516|Robecco_d_Oglio|10.0258740,45.2338597,10.1005785,45.2817266
45462|Samarate|8.7269031,45.5997460,8.8208051,45.6429111
46438|Piario|9.9109258,45.8846336,9.9344074,45.9011338
46495|Lenna|9.6475033,45.9110289,9.7202112,45.9528818
44246|Mezzanino|9.1734293,45.1063965,9.2365170,45.1627501
46698|Taceno|9.3473134,45.9996282,9.3749391,46.0285719
44167|Mezzana_Rabattone|9.0175993,45.0815200,9.0569237,45.1179079
45493|Bovisio_Masciago|9.1070207,45.5984717,9.1788384,45.6281051
44575|Cavenago_d_Adda|9.5449010,45.2527888,9.6445214,45.3077569
45487|Uboldo|8.9674553,45.5866711,9.0205385,45.6291513
43953|Montebello_della_Battaglia|9.0667784,44.9750388,9.1285134,45.0355441
45336|Villa_Cortese|8.8708454,45.5551150,8.9024663,45.5810051
44820|Ticengo|9.8062572,45.3577380,9.8440141,45.4109811
45868|Rovagnate|9.3360044,45.7074037,9.3889821,45.7500654
45520|Vedano_al_Lambro|9.2584997,45.6026018,9.2795735,45.6227951
44707|Madignano|9.6917168,45.3159399,9.7483415,45.3565053
45429|Trezzo_sull_Adda|9.4759028,45.5865878,9.5331850,45.6391656
45580|Chiuduno|9.8306541,45.6351540,9.8728196,45.6673070
46041|Sirone|9.3081809,45.7624087,9.3386857,45.7889274
44993|Corsico|9.0747547,45.4185205,9.1203417,45.4510394
45191|Inveruno|8.8159073,45.5026480,8.8930513,45.5330636
45603|Cassano_Magnago|8.8049956,45.6385593,8.8507658,45.7070055
46122|Lipomo|9.1107152,45.7815195,9.1337548,45.8007071
45930|Idro|10.4430939,45.7204266,10.5525762,45.8017377
45988|Colle_Brianza|9.3522151,45.7446547,9.4095916,45.7789813
45902|Almenno_San_Bartolomeo|9.5381956,45.7251085,9.6009304,45.7709451
46616|Gromo|9.9174348,45.9535203,10.0230660,45.9941281
45361|Senago|9.0953236,45.5562110,9.1470411,45.5881699
46553|Barzio|9.4514436,45.9323206,9.5411056,45.9746712
45607|Lesmo|9.2875735,45.6307554,9.3237981,45.6619373
45914|Sorisole|9.6165758,45.7261693,9.6809994,45.7744458
45965|Almenno_San_Salvatore|9.5700060,45.7364697,9.6095446,45.7664919
47026|Val_Masino|9.5467063,46.1880932,9.7494106,46.3035911
44609|Castel_Goffredo|10.4241522,45.2675086,10.5477941,45.3347884
45167|Ossona|8.8698885,45.4909456,8.9180004,45.5167233
45345|Paitone|10.3817188,45.5462922,10.4145193,45.5930352
45561|Sulbiate|9.3979013,45.6211220,9.4519522,45.6540578
45833|Vergiate|8.6697196,45.6996353,8.7367783,45.7658291
44843|Gaggiano|8.9658788,45.3646590,9.0761459,45.4288656
44235|Corno_Giovine|9.7451436,45.1082023,9.8068341,45.1534253
46960|Chiuro|9.9610090,46.1574155,10.0606468,46.2832794
44208|Ca__d_Andrea|10.2517571,45.0908994,10.3226082,45.1371589
45379|Origgio|8.9818387,45.5738925,9.0318518,45.6108827
46100|Bodio_Lomnago|8.7415706,45.7762130,8.7633247,45.8065062
46867|Garzeno|9.1416785,46.0969955,9.2581932,46.1589662
45719|Barghe|10.3843960,45.6624414,10.4275598,45.6976827
43770|Montesegale|9.0977627,44.8807464,9.1546156,44.9330113
44112|Barbianello|9.1716533,45.0559649,9.2443807,45.1011060
46321|Colzate|9.7906521,45.8104204,9.8660577,45.8476262
46283|Blello|9.5564439,45.8247761,9.5875175,45.8465880
46094|Molteno|9.2868236,45.7684022,9.3158289,45.7949624
45961|Castronno|8.7975319,45.7411459,8.8254566,45.7657743
44915|Milano|9.0406580,45.3867381,9.2780397,45.5358482
45599|Sovico|9.2403322,45.6346936,9.2814016,45.6570283
44168|Bastida_Pancarana|9.0548415,45.0742720,9.1222414,45.1220947
45541|Mezzago|9.4306350,45.6153473,9.4549461,45.6464378
46515|Brusimpiano|8.8631773,45.9221231,8.8982259,45.9590184
44684|San_Zenone_al_Lambro|9.3403486,45.3020916,9.3937769,45.3438927
44700|Ripalta_Cremasca|9.6493883,45.3108938,9.7177015,45.3462771
45409|Ciserano|9.5737210,45.5730053,9.6200532,45.5967165
45396|Ghisalba|9.7363592,45.5790693,9.7913160,45.6094381
46369|Caravate|8.6390548,45.8653298,8.6700252,45.8918439
44622|Verolavecchia|10.0196120,45.2761010,10.0783329,45.3526329
44997|Pieranica|9.5967325,45.4175028,9.6225900,45.4399933
44759|Noviglio|9.0340531,45.3342571,9.1020753,45.3926753
45625|Camparada|9.3128954,45.6466911,9.3369342,45.6636664
44523|Rosasco|8.5220818,45.2284405,8.6017407,45.2789929
45789|Sotto_il_Monte_Giovanni_XXIII|9.4898068,45.6908611,9.5315749,45.7212660
45600|Albiate|9.2357801,45.6413569,9.2668754,45.6675761
45097|San_Zeno_Naviglio|10.1917826,45.4688871,10.2367713,45.5044192
46888|Forcola|9.6452302,46.1037866,9.7242035,46.1676006
45258|Cividate_al_Piano|9.8041436,45.5241445,9.8539977,45.5688737
45815|Monticello_Brianza|9.2915188,45.6984545,9.3268646,45.7295525
44189|Cremona|9.9440886,45.0898946,10.1107185,45.1845981
44649|Medole|10.4761071,45.2850441,10.5588429,45.3628669
46787|Teglio|10.0069813,46.0507975,10.1848965,46.2277351
44503|Villanova_del_Sillaro|9.4279203,45.2239566,9.5127392,45.2598973
44401|Gazoldo_degli_Ippoliti|10.5338077,45.1763043,10.5991587,45.2138210
45304|Gussago|10.1240720,45.5484581,10.1777239,45.6339347
44255|Rea|9.1460545,45.1002014,9.1663257,45.1339470
45644|Gorlago|9.8068621,45.6518703,9.8726526,45.6835000
45173|Treviglio|9.5471519,45.4987199,9.6345678,45.5695455
45263|Brignano_Gera_d_Adda|9.6196315,45.5273815,9.6903904,45.5635619
45779|Tradate|8.8800901,45.6846188,8.9521988,45.7490874
45455|Urgnano|9.6747900,45.5810537,9.7419671,45.6226735
46856|Corteno_Golgi|10.1592396,46.0798286,10.2990054,46.1920517
43875|Sermide|11.2138696,44.9392559,11.3274994,45.0310028
46427|Fino_del_Monte|9.9862113,45.8872292,10.0095952,45.9236852
44438|Sant_Angelo_Lodigiano|9.3624683,45.1946567,9.4408653,45.2649354
43961|Mornico_Losana|9.1807417,44.9910647,9.2354603,45.0210991
46334|Locatello|9.5100590,45.8265064,9.5510475,45.8565820
46049|Anzano_del_Parco|9.1889850,45.7605909,9.2256981,45.7791304
45896|Paladina|9.6001236,45.7216246,9.6271720,45.7364697
44458|Ostiano|10.2207376,45.1943721,10.2956225,45.2534052
45586|Cogliate|9.0552692,45.6356137,9.1207994,45.6554085
46649|Laino|9.0693514,45.9717148,9.1350779,45.9942962
45777|Vestone|10.3616407,45.6878176,10.4351671,45.7315104
44267|Dorno|8.8959058,45.1135080,8.9970244,45.1795933
45100|Calvenzano|9.5839080,45.4737570,9.6188961,45.5051246
44123|Sustinente|10.9808567,45.0432378,11.0739402,45.1180803
45388|Erbusco|9.9096613,45.5738674,10.0092075,45.6135541
45619|Triuggio|9.2522598,45.6472258,9.2987460,45.6860981
45640|Polaveno|10.1012194,45.6494390,10.1615749,45.6845013
45427|Varedo|9.1424748,45.5881834,9.1885417,45.6084589
45355|Passirano|10.0233752,45.5623919,10.0900582,45.6224274
44423|Camairago|9.7036948,45.1849871,9.7770585,45.2278930
44183|Santo_Stefano_Lodigiano|9.7069722,45.0905284,9.7823500,45.1425195
45488|Bellusco|9.3976510,45.5993161,9.4470557,45.6296026
46951|Colorina|9.6882502,46.1150542,9.7512049,46.1683573
45002|Longhena|10.0460164,45.4229494,10.0732907,45.4475728
46306|Maslianico|9.0385688,45.8384914,9.0571758,45.8536036
46462|Porto_Ceresio|8.8895593,45.8950932,8.9249581,45.9254497
45752|Sale_Marasino|10.0977134,45.6785690,10.1671590,45.7318306
44679|Abbadia_Cerreto|9.5713652,45.2992964,9.6179963,45.3405286
45116|Calcio|9.8178106,45.4739224,9.8729873,45.5327007
45226|Roncadelle|10.1129224,45.5167093,10.1820112,45.5506714
46143|Cazzago_Brabbia|8.7123692,45.7907963,8.7536951,45.8125360
44889|Assago|9.1144983,45.3802384,9.1591498,45.4183611
45090|Segrate|9.2582768,45.4554207,9.3135173,45.5100976
43828|Borgo_Priolo|9.1043974,44.9213623,9.1938897,44.9919383
46943|Dazio|9.5937189,46.1503897,9.6346061,46.1669928
45940|Almè|9.6004886,45.7314176,9.6288833,45.7456476
45160|Romano_di_Lombardia|9.7215359,45.4978707,9.7971290,45.5482936
45573|Macherio|9.2365154,45.6281698,9.2890048,45.6479542
46630|Primaluna|9.3831453,45.9607042,9.4701037,46.0208347
46452|Barni|9.2449687,45.8949972,9.2854797,45.9210853
45715|Calusco_d_Adda|9.4508875,45.6690997,9.5116532,45.7020769
46747|Maccagno_con_Pino_e_Veddasca|8.7139625,46.0268387,8.8475966,46.1222569
46350|Esine|10.2093392,45.8457901,10.3101629,45.9332154
45474|Bolgare|9.7893324,45.6043373,9.8355593,45.6546350
44297|Cappella_de__Picenardi|10.2014093,45.1245193,10.2623278,45.1745457
45667|Bione|10.2968514,45.6504016,10.3750111,45.6972756
45900|Sirtori|9.3215936,45.7179114,9.3502180,45.7519380
44370|Filighera|9.2872157,45.1620148,9.3472252,45.1924612
45781|Entratico|9.8589405,45.6904196,9.8971911,45.7149417
46623|Germignaga|8.7007042,45.9682220,8.7549476,46.0067544
43519|Santa_Margherita_di_Staffora|9.2003199,44.6834484,9.2868581,44.7894715
45266|Bresso|9.1790657,45.5268610,9.2103771,45.5461628
45225|Moniga_del_Garda|10.5158288,45.5157465,10.6385855,45.5382715
44886|Pandino|9.5056160,45.3828390,9.5760918,45.4360610
46106|Montano_Lucino|9.0035747,45.7751009,9.0515246,45.8055024
46343|Clusone|9.9000290,45.8431886,9.9728890,45.9082004
44046|Motta_Baluffi|10.2108712,45.0237742,10.2790902,45.0697993
46537|Brissago-Valtravaglia|8.7208130,45.9304999,8.7581520,45.9700685
44738|Gravellona_Lomellina|8.7420508,45.3082188,8.8118095,45.3674798
46969|Tresivio|9.9326266,46.1634189,9.9686643,46.2367141
44907|Barbariga|10.0226652,45.3871345,10.0732424,45.4276797
46185|Gandino|9.8753128,45.8003166,9.9824747,45.8536177
46933|Cercino|9.4956090,46.1412346,9.5193722,46.1835920
43855|Gonzaga|10.7438065,44.9213400,10.9014368,44.9865491
45564|Villa_Carcina|10.1611118,45.6183830,10.2329564,45.6580670
45380|Legnano|8.8656125,45.5680042,8.9463512,45.6236148
44995|Fontanella|9.7785129,45.4221614,9.8332697,45.4820527
45522|Vizzola_Ticino|8.6589390,45.6082137,8.7091413,45.6428786
45046|Poncarale|10.1465271,45.4408453,10.2192228,45.4759860
45010|Magenta|8.8170577,45.4194978,8.9073414,45.4829756
46963|Sondrio|9.8238512,46.1579134,9.8980814,46.2041391
44626|Salerano_sul_Lambro|9.3707310,45.2746772,9.4012111,45.3066401
46024|Ubiale_Clanezzo|9.5884670,45.7598255,9.6295144,45.8021520
44659|Cigole|10.1671753,45.2917118,10.2047937,45.3362830
45762|Curno|9.5858477,45.6757864,9.6285322,45.6965138
44141|Cervesina|8.9854296,45.0336672,9.0410493,45.0914570
45218|Cologno_Monzese|9.2590133,45.5151571,9.3093209,45.5509198
46302|Caslino_d_Erba|9.1932045,45.8339518,9.2556326,45.8600104
45252|Busto_Garolfo|8.8545079,45.5239407,8.9188671,45.5605521
46033|Solto_Collina|9.9935740,45.7607366,10.0650713,45.8039836
43931|Casteggio|9.1028544,44.9760936,9.1664681,45.0438449
47028|Lovero|10.1899493,46.2023020,10.2713186,46.2569358
43797|Viadana|10.4650309,44.9092496,10.7107422,45.0559969
44019|Pieve_del_Cairo|8.7633408,45.0171942,8.8665485,45.0883599
46680|Mezzoldo|9.6288511,45.9876033,9.6906927,46.0609609
44466|Castelbelforte|10.8549364,45.1899373,10.9364119,45.2479041
45630|Iseo|9.9738119,45.6432115,10.1061936,45.6883171
45858|Cantù|9.0950562,45.7075069,9.1733317,45.7679634
44148|Sannazzaro_de__Burgondi|8.8751796,45.0651667,8.9540346,45.1230192
45140|Chiari|9.8672211,45.4895092,9.9675913,45.5650082
46632|Niardo|10.3161792,45.9274758,10.4121052,45.9835338
44776|Boffalora_d_Adda|9.4641446,45.3404386,9.5112077,45.3776397
44061|Redavalle|9.1947053,45.0284654,9.2195148,45.0670884
44197|Bozzolo|10.4575872,45.0761311,10.5176894,45.1333479
44905|Ricengo|9.7063203,45.3845635,9.7697961,45.4311796
45802|Villa_d_Adda|9.4486921,45.6971598,9.4839688,45.7326432
45878|Villa_di_Serio|9.7262837,45.7131858,9.7667115,45.7358736
44747|Rosate|8.9740235,45.3329788,9.0701323,45.3736788
44284|Valeggio|8.8488206,45.1273069,8.8967316,45.1720742
46639|Ornica|9.5311544,45.9632377,9.5955586,46.0241246
44750|Pieve_Emanuele|9.1661871,45.3257134,9.2312079,45.3808862
44150|Ferrera_Erbognone|8.8231053,45.0704897,8.8858135,45.1315045
46234|Civate|9.3018611,45.8091988,9.3540426,45.8441165
44966|Calcinato|10.3414168,45.4169845,10.4578758,45.4876298
44533|Alfianello|10.1243638,45.2396535,10.1784359,45.2908645
46360|Taleggio|9.5274001,45.8581434,9.6241619,45.9914749
45649|Barlassina|9.1058664,45.6442645,9.1437110,45.6641379
46053|Grandate|9.0449332,45.7610345,9.0719688,45.7813237
45947|Cassina_Rizzardi|9.0102620,45.7387080,9.0438281,45.7605780
44603|Soresina|9.8095226,45.2548917,9.8910316,45.3300645
46071|Pisogne|10.0562853,45.7612976,10.2116063,45.8348656
45695|Giussano|9.1919322,45.6644508,9.2366644,45.7178522
45284|Martinengo|9.7374490,45.5381396,9.8113687,45.5822392
46789|Paisco_Loveno|10.1692767,46.0453841,10.3120210,46.1003526
44941|Trezzano_sul_Naviglio|9.0246371,45.4037414,9.0896283,45.4400468
45241|Parabiago|8.9136311,45.5242841,8.9729869,45.5791286
44487|Castiglione_d_Adda|9.6701244,45.2014569,9.7360318,45.2490094
46251|Bracca|9.6883379,45.8062860,9.7221069,45.8374542
46107|Calolziocorte|9.4141770,45.7747792,9.4804120,45.8153999
45007|Boffalora_Sopra_Ticino|8.7999685,45.4325516,8.8623122,45.4789121
44701|Genivolta|9.8468175,45.3099022,9.9114742,45.3789907
46046|Brunello|8.7858952,45.7594214,8.8136142,45.7734116
44050|Montescano|9.2735442,45.0176279,9.3029944,45.0368230
45501|Corte_Franca|9.9725402,45.6051788,10.0299502,45.6528203
44778|Mulazzano|9.3723847,45.3375351,9.4410153,45.3998085
44041|Silvano_Pietra|8.9211683,45.0237879,8.9727326,45.0893507
44135|Arena_Po|9.3321881,45.0639107,9.4393442,45.1044031
44335|Villanova_d_Ardenghi|9.0219872,45.1520064,9.0565302,45.1836860
45982|Alzate_Brianza|9.1577795,45.7419557,9.2135690,45.7798223
46408|Azzio|8.6950578,45.8806010,8.7253259,45.8990466
44109|Ostiglia|11.0943701,45.0442385,11.2089188,45.1269889
45340|Agrate_Brianza|9.3190757,45.5587586,9.4032293,45.5905862
44576|San_Martino_in_Strada|9.5029824,45.2536116,9.5689147,45.3011654
46618|Varenna|9.2653608,45.9632183,9.3161494,46.0149974
45092|Flero|10.1436248,45.4630438,10.1962763,45.4967778
45817|Treviso_Bresciano|10.4268717,45.6912447,10.5171682,45.7325834
46585|Castiglione_d_Intelvi|9.0427362,45.9360002,9.1031412,45.9636819
44023|Gambarana|8.7373472,45.0197928,8.8023126,45.0648508
44860|Vermezzo|8.9555377,45.3785725,9.0074695,45.4122591
45327|Vaprio_d_Adda|9.5003127,45.5528598,9.5389526,45.5917466
47094|Grosio|10.1044275,46.2754371,10.3452170,46.4165976
44033|San_Damiano_al_Colle|9.3275374,45.0160827,9.3767944,45.0507551
45457|Caino|10.2869769,45.5991586,10.3626559,45.6388743
46693|Griante|9.2175963,45.9797336,9.2657518,46.0098135
45390|Pognano|9.6229365,45.5735745,9.6540659,45.5938970
45579|Carnate|9.3686699,45.6298212,9.3932072,45.6639964
170533|Mortara|8.6825381,45.2092224,8.8052001,45.2847033
46390|Parre|9.8428074,45.8703603,9.9230233,45.9334775
46124|Ternate|8.6798119,45.7725338,8.7156914,45.7975760
44932|Pompiano|9.9656458,45.3876940,10.0271839,45.4506836
45394|Nave|10.2496578,45.5566938,10.3321599,45.6245471
47087|Grosotto|10.1379389,46.2596333,10.3162519,46.3315577
44354|Isola_Dovarese|10.2850880,45.1563060,10.3369582,45.1940177
44806|Solferino|10.5353056,45.3432942,10.5828855,45.3898221
45370|Basiano|9.4423249,45.5645950,9.4862747,45.5941558
47067|Vervio|10.1631879,46.2386945,10.2490069,46.2802635
46576|Moio_de__Calvi|9.6832782,45.9466851,9.7247347,45.9788195
45287|Cusano_Milanino|9.1683516,45.5428705,9.1994941,45.5622230
44711|Capergnanica|9.6259059,45.3121779,9.6660480,45.3499674
45741|Cairate|8.8322985,45.6659421,8.8969316,45.7066967
46551|Piazza_Brembana|9.6339588,45.9312326,9.6808474,45.9670819
281530|Brione|10.1320765,45.6176969,10.1792666,45.6628749
44521|Gambolò|8.7941488,45.2265911,8.9826004,45.2855339
46019|Luisago|9.0279917,45.7525324,9.0588437,45.7695947
43856|Montalto_Pavese|9.1782908,44.9442387,9.2593231,44.9980362
44058|Gazzuolo|10.5332018,45.0379157,10.6014181,45.1021743
46324|Gorno|9.8212380,45.8449817,9.8666539,45.9016998
44857|Zelo_Surrigone|8.9563430,45.3694600,9.0072050,45.3983444
46407|Sangiano|8.6257505,45.8668477,8.6426181,45.8896674
44316|Maleo|9.7274035,45.1389451,9.8059773,45.1907317
44257|Villimpenta|10.9797576,45.1103620,11.0518363,45.1565857
46650|Isola_di_Fondra|9.7072506,45.9611156,9.7903825,45.9953537
44170|Pieve_Albignola|8.9324496,45.0741129,8.9954539,45.1317204
44260|Calvatone|10.4169469,45.1138311,10.4934910,45.1484536
47189|Valdidentro|10.1306537,46.3824884,10.4337599,46.6353523
44637|Isorella|10.2865270,45.2835370,10.3423284,45.3294116
46604|Braone|10.3213406,45.9461357,10.4313885,45.9934707
44136|Pancarana|9.0270644,45.0604315,9.0691534,45.1014891
47000|Verceia|9.4235096,46.1794006,9.5152970,46.2159613
45015|Peschiera_Borromeo|9.2637117,45.4123590,9.3449835,45.4724201
45794|Mozzo|9.5936837,45.6932861,9.6258715,45.7104054
44944|Ponti_sul_Mincio|10.6541806,45.3920406,10.7192008,45.4286270
46422|Lasnigo|9.2484463,45.8740609,9.2871339,45.8990302
46675|Valbondione|9.9064584,45.9820147,10.1044485,46.0912018
45754|Cermenate|9.0636311,45.6848678,9.1028809,45.7166461
46425|Abbadia_Lariana|9.3154569,45.8744113,9.3979831,45.9180721
45577|Seregno|9.1751272,45.6319497,9.2409922,45.6679972
46851|Rasura|9.5011522,46.0837734,9.5597422,46.1057818
46446|Casalzuigno|8.6902358,45.8941317,8.7268342,45.9315316
44594|Battuda|9.0431362,45.2536253,9.0841584,45.2898712
45747|Besana_in_Brianza|9.2446690,45.6676306,9.3038843,45.7217510
45888|Parzanica|10.0146698,45.7230651,10.0713013,45.7531610
43882|San_Giacomo_delle_Segnate|10.9737504,44.9428103,11.0566266,44.9924575
46525|Piancogno|10.1280027,45.9116624,10.2555643,45.9473482
45971|Villa_d_Almè|9.6030468,45.7379457,9.6426500,45.7667449
46665|Luino|8.7123849,45.9692529,8.7900961,46.0321025
44729|Ghedi|10.2203334,45.3262518,10.3212728,45.4628027
44513|Gombito|9.7082465,45.2376297,9.7677323,45.2728390
44206|Castelnuovo_Bocca_d_Adda|9.8368499,45.0754503,9.9021418,45.1415558
44975|Rivolta_d_Adda|9.4799402,45.4186573,9.5500739,45.5041992
44263|Chignolo_Po|9.4369397,45.1219020,9.5476262,45.1651058
45157|Cuggiono|8.7570826,45.4843652,8.8336980,45.5297266
45733|Bregnano|9.0454473,45.6723205,9.0687425,45.7174684
46958|Faedo_Valtellino|9.8891208,46.1192396,9.9191763,46.1644015
44396|Zeme|8.6299715,45.1698021,8.7234562,45.2212856
45637|Aicurzio|9.3997905,45.6324511,9.4294621,45.6566443
44501|Marzano|9.2594384,45.2288361,9.3155919,45.2657037
46489|Casasco_d_Intelvi|9.0558194,45.9127665,9.0831086,45.9527921
45178|Cassano_d_Adda|9.4808017,45.5001811,9.5514570,45.5588904
45812|Jerago_con_Orago|8.7759530,45.6976848,8.8106310,45.7180411
43751|Godiasco_Salice_Terme|9.0178854,44.8624175,9.1140700,44.9179248
45960|Bulgarograsso|8.9885904,45.7377633,9.0280048,45.7605961
45937|Brivio|9.4146415,45.7281297,9.4571262,45.7813818
46358|Songavazzo|9.9839087,45.8494889,10.0879522,45.8902055
45334|Pontirolo_Nuovo|9.5438324,45.5539367,9.5990704,45.5983620
46535|Marzio|8.8505502,45.9291041,8.8731006,45.9461990
45685|Cabiate|9.1539887,45.6619645,9.1870911,45.6897330
47078|Chiesa_in_Valmalenco|9.7144384,46.2396129,9.8836144,46.3519689
44044|Motteggiana|10.6661852,45.0099149,10.8476502,45.0528683
45294|Gessate|9.4062507,45.5396999,9.4553039,45.5754619
46167|Albiolo|8.9280009,45.7961206,8.9538603,45.8152783
44387|Mariana_Mantovana|10.4597408,45.1583971,10.5173683,45.2135342
45000|Settala|9.3632038,45.4222920,9.4189933,45.4855000
45720|Provaglio_Val_Sabbia|10.3994140,45.6673972,10.4847590,45.7033348
45809|Vigolo|9.9859935,45.6990442,10.0427218,45.7434591
46173|Sant_Omobono_Terme|9.4723172,45.7932737,9.5647973,45.8419215
43876|San_Giovanni_del_Dosso|11.0236877,44.9480876,11.1085380,45.0011341
47079|Lanzada|9.8219056,46.2442846,10.0009834,46.3809172
46723|Parlasco|9.3326976,46.0029850,9.3581658,46.0253400
45069|Mozzanica|9.6714603,45.4408952,9.7162778,45.4937228
45270|Botticino|10.2836899,45.5190987,10.3431780,45.5800894
46509|Masciago_Primo|8.7773870,45.9095898,8.8032290,45.9276614
46380|Induno_Olona|8.8141932,45.8331736,8.8656109,45.8890293
45922|Marone|10.0557732,45.7223500,10.1745785,45.7782294
46129|Solbiate|8.9008752,45.7817882,8.9443291,45.8046615
44641|Volta_Mantovana|10.6118424,45.2808111,10.7244045,45.3552862
44064|Casteldidone|10.3866654,45.0384398,10.4178968,45.0997311
44333|Castellucchio|10.5736129,45.1082839,10.6901674,45.1927969
46830|San_Bartolomeo_Val_Cavargna|9.1274407,46.0721309,9.1849811,46.1182681
44970|Merlino|9.4112942,45.4129568,9.4844350,45.4556844
44861|Montichiari|10.3091198,45.3570961,10.4670499,45.4651976
46826|San_Nazzaro_Val_Cavargna|9.1141368,46.0719467,9.1573040,46.1354039
46464|Cuveglio|8.7184799,45.8968912,8.7798962,45.9274376
45976|Santa_Maria_Hoè|9.3566500,45.7302893,9.3956105,45.7547319
44215|Verrua_Po|9.1536270,45.0837146,9.2095587,45.1381662
45556|Sabbio_Chiese|10.4045378,45.6154677,10.4713209,45.6747850
45529|Biassono|9.2535609,45.6118537,9.3005549,45.6430120
46863|Pianello_del_Lario|9.2159879,46.0910659,9.2940275,46.1144333
45852|Cadorago|9.0234455,45.7033537,9.0725716,45.7396322
45651|Credaro|9.8914578,45.6459179,9.9381914,45.6774728
46102|Osmate|8.6460854,45.7754051,8.6750150,45.8002596
45353|Cologne|9.8910402,45.5592486,9.9682564,45.5964912
45074|Castenedolo|10.2467353,45.4370542,10.3501095,45.4937834
44815|Monte_Cremasco|9.5586038,45.3648324,9.5810272,45.3849163
44414|Casalpusterlengo|9.5830201,45.1629900,9.6664804,45.2313354
45729|Predore|9.9889614,45.6686218,10.0557467,45.7012465
46287|Torno|9.1053059,45.8336365,9.1494699,45.8687969
45410|Cesate|9.0605413,45.5862879,9.1021789,45.6098051
46432|Onore|9.9966988,45.8703325,10.0586621,45.9157349
45202|Cassina_de__Pecchi|9.3443863,45.5031441,9.4091930,45.5266856
