44919|Settimo_Rottaro|7.9727952,45.3920645,8.0144077,45.4187429
43922|Chiusano_d_Asti|8.1056678,44.9742138,8.1345308,44.9947040
43959|Rivalta_di_Torino|7.4713068,44.9832571,7.5685652,45.0485812
45222|Donato|7.8814575,45.5202501,7.9425432,45.5854930
43629|Castelspina|8.5701828,44.7888691,8.6216184,44.8120806
45935|Paruzzaro|8.4945039,45.7262521,8.5245767,45.7680891
46418|Quarna_Sopra|8.3381674,45.8655009,8.3865205,45.9083118
43558|Racconigi|7.6203446,44.7371644,7.7271345,44.8213048
44133|Albugnano|7.9498764,45.0651108,8.0059514,45.1011018
44440|Caresana|8.4698219,45.1950287,8.5563521,45.2527197
46733|Piedimulera|8.2249539,45.9998264,8.2761902,46.0377403
43741|Virle_Piemonte|7.5454010,44.8435365,7.6069737,44.8802339
43495|Rivalta_Bormida|8.5266175,44.6926774,8.5879263,44.7316281
43350|Brondello|7.3597676,44.5844787,7.4256911,44.6156566
43860|Piovera|8.7066715,44.9264387,8.7666423,44.9795589
43736|Valfenera|7.9150743,44.8521380,7.9973711,44.9154274
44697|Lusigliè|7.7540420,45.2890178,7.7839448,45.3287011
46177|Miasino|8.4083322,45.7964107,8.4645286,45.8183502
43985|Tonco|8.1584345,45.0009828,8.2189990,45.0436756
44632|Lignana|8.2599503,45.2689461,8.3722110,45.3083706
42909|Limone_Piemonte|7.5021092,44.1376188,7.6323120,44.2440345
43965|Capriglio|7.9940581,44.9899412,8.0267874,45.0246766
43469|Verduno|7.9151949,44.6573574,7.9572478,44.6888163
45906|Arona|8.4966373,45.7252132,8.5796379,45.7849565
44912|Cavaglià|8.0572583,45.3760887,8.1708084,45.4237042
43089|Monterosso_Grana|7.2361269,44.3562249,7.3508889,44.4333130
43396|Monastero_Bormida|8.2905492,44.6200325,8.3555674,44.6705014
43801|Cesana_Torinese|6.7373504,44.8432822,6.9316531,45.0144817
43334|Vottignasco|7.5544179,44.5447115,7.6030990,44.5804534
44774|Montalenghe|7.8178207,45.3079990,7.8552985,45.3557695
43053|Castelnuovo_di_Ceva|8.1187786,44.3332116,8.1498608,44.3691818
44562|Front|7.6265949,45.2542234,7.7015729,45.2982134
44391|Motta_de__Conti|8.4971022,45.1677321,8.5811897,45.2079157
46655|Caprezzo|8.5237160,45.9742060,8.5717012,46.0124871
45659|Campiglia_Cervo|7.9336461,45.6530081,8.0185377,45.7012802
43952|Grana|8.2758302,44.9883782,8.3145862,45.0171378
46782|Trontano|8.3030912,46.0466216,8.4242779,46.1338747
45044|Magnano|7.9654629,45.4467107,8.0420135,45.4861297
42996|Aisone|7.1887807,44.2326161,7.2584690,44.3359148
46158|Boccioleto|8.0301633,45.7951240,8.1282205,45.8702717
44450|San_Benigno_Canavese|7.7368913,45.2020652,7.8347379,45.2621985
43544|Sanfrè|7.7528317,44.7249228,7.8500659,44.7699924
45401|Carema|7.7946394,45.5650509,7.8647149,45.6023219
44612|Bianzè|8.0661758,45.2600611,8.2171497,45.3307867
44037|Frassinello_Monferrato|8.3725746,45.0215235,8.4201997,45.0539693
44202|Cinzano|7.9060912,45.0745035,7.9421902,45.1089492
46921|Crevoladossola|8.1962462,46.1254068,8.3423089,46.2035640
42966|Vinadio|6.9945833,44.1972342,7.2209632,44.3540922
43507|Castel_Rocchero|8.3944615,44.7067938,8.4333741,44.7334384
43381|Castelletto_d_Erro|8.3720766,44.6104170,8.4031145,44.6446650
45051|Castelnuovo_Nigra|7.6360501,45.4093214,7.7201045,45.5048103
43439|Sessame|8.3221890,44.6493349,8.3562611,44.6896525
43824|Quargnento|8.4349680,44.9185257,8.5385926,44.9850874
42904|Entracque|7.3052575,44.1120323,7.5038006,44.2650361
43577|Mombaruzzo|8.3938964,44.7524707,8.5136250,44.8072459
43294|Bellino|6.9135281,44.5376811,7.0551362,44.6231679
44025|Passerano_Marmorito|7.9840514,45.0228925,8.0406386,45.0806255
43790|San_Pietro_Val_Lemina|7.2694812,44.8956531,7.3165108,44.9721187
43974|Casorzo|8.3088627,44.9953910,8.3607751,45.0351050
45016|Frassinetto|7.5872102,45.4296126,7.6497633,45.5147557
44749|Groscavallo|7.1315326,45.3223901,7.3171872,45.4161030
44813|Caresanablot|8.3349124,45.3448424,8.4110479,45.3823731
46758|Pallanzeno|8.2234910,46.0336411,8.2708660,46.0526490
44468|Saluggia|7.9825614,45.1997086,8.0707078,45.2632701
44624|Feletto|7.7344630,45.2752705,7.7840037,45.3130229
44976|Salussola|8.0718160,45.4199900,8.2205426,45.4842189
43067|Rittana|7.3320354,44.3422978,7.4163468,44.3781485
44218|Villar_Dora|7.3513016,45.0971482,7.3936838,45.1395802
44020|Castelnuovo_Don_Bosco|7.9405611,44.9963224,8.0180204,45.0717771
46636|Miazzina|8.4928371,45.9730709,8.5468054,46.0622422
46362|Quarna_Sotto|8.2936760,45.8583215,8.3729456,45.9052009
45634|Cavallirio|8.3825602,45.6472053,8.4335311,45.6857724
44578|Cigliano|7.9799677,45.2562607,8.0516086,45.3201015
44105|Castelletto_Merli|8.2131100,45.0508419,8.2647372,45.0997215
43631|Vinchio|8.2971745,44.7822538,8.3419736,44.8286143
43588|Villafranca_Piemonte|7.4093632,44.7559032,7.5672938,44.8257308
43288|Elva|7.0224305,44.5152755,7.1280679,44.5685372
45126|Massazza|8.1347634,45.4655219,8.1903140,45.5098295
44253|Frassineto_Po|8.5051096,45.1083190,8.5932197,45.1643110
43636|Pozzolo_Formigaro|8.7347067,44.7806255,8.8533470,44.8403228
43903|Montafia|7.9887199,44.9597709,8.0408346,45.0197510
43359|San_Giorgio_Scarampi|8.2176059,44.5940619,8.2626804,44.6226954
43531|Tassarolo|8.7461452,44.7119913,8.7924462,44.7420041
44003|Moriondo_Torinese|7.9113223,45.0165368,7.9580214,45.0572163
43318|Monforte_d_Alba|7.9330570,44.5572563,8.0063673,44.6225153
45470|Crosa|8.1745481,45.6021095,8.1982433,45.6149746
43045|Monastero_di_Vasco|7.7849867,44.2983282,7.8485745,44.3643882
45237|Valprato_Soana|7.4479631,45.5146751,7.6189730,45.5916229
43927|Scurzolengo|8.2604064,44.9473760,8.2882982,44.9831199
43643|Torre_Pellice|7.1524700,44.7939234,7.2326556,44.8489778
43462|Carpeneto|8.5921747,44.6607210,8.6437931,44.7219681
44804|Castellamonte|7.6657153,45.3521437,7.8032760,45.5030876
45024|Piverone|7.9721892,45.4222989,8.0384009,45.4609576
43219|Bosio|8.7314184,44.4880203,8.8290388,44.6651404
45354|Barengo|8.4781548,45.5358424,8.5394355,45.5990791
46444|Valstrona|8.2040377,45.8886959,8.3576581,45.9571593
44055|Pino_d_Asti|7.9682634,45.0322635,8.0076328,45.0695452
43367|Manta|7.4522306,44.6018582,7.5569803,44.6230189
44040|Cunico|8.0677706,45.0293629,8.1157459,45.0543923
44532|Germagnano|7.4208624,45.2295063,7.4849505,45.2784925
43087|Cervasca|7.4322532,44.3549672,7.5197114,44.4286597
45495|Curino|8.2104039,45.6037949,8.2689448,45.6722439
43517|Castel_Boglione|8.3504969,44.7070272,8.4010069,44.7523428
44754|Ozegna|7.7281627,45.3285955,7.7733388,45.3579267
44151|Ponzano_Monferrato|8.2451721,45.0613652,8.3057985,45.1047749
45532|Valle_Mosso|8.0071071,45.6159037,8.1669401,45.7054523
44981|Formigliana|8.2245354,45.4124114,8.3294105,45.4560398
44145|Valgioie|7.3047733,45.0602039,7.3604180,45.0907467
43108|Argentera|6.8870076,44.3192926,7.0315693,44.4299575
43662|Caramagna_Piemonte|7.7008030,44.7424293,7.7620095,44.8173591
43344|Casaleggio_Boiro|8.7213982,44.5789061,8.7634637,44.6469168
44475|Nole|7.5377646,45.2099879,7.5862415,45.2861350
43475|Monasterolo_di_Savigliano|7.5875817,44.6592599,7.6398679,44.7077972
42927|Chiusa_di_Pesio|7.6044374,44.1736002,7.7168744,44.3768230
43150|Caraglio|7.3897875,44.3930635,7.4896817,44.4643033
42985|Priola|7.9818079,44.2267457,8.0774806,44.2827581
45277|Lenta|8.3313497,45.5389569,8.4000286,45.5782535
44688|Rivara|7.5856402,45.3036975,7.6614813,45.3569961
43742|Osasio|7.5910730,44.8594113,7.6262432,44.8893491
44137|Sala_Monferrato|8.3345118,45.0608793,8.3804872,45.0912583
43403|Loazzolo|8.2227249,44.6227552,8.2923450,44.6968412
43769|Porte|7.2433359,44.8851068,7.2833157,44.9081512
44851|Casanova_Elvo|8.2621003,45.3775291,8.3258390,45.4230154
43728|Celle_Enomondo|8.0947426,44.8419863,8.1368049,44.8739620
46778|Villadossola|8.2264208,46.0448221,8.2917601,46.0940161
43477|Cavallermaggiore|7.6229203,44.6784728,7.7667646,44.7427422
44339|Coniolo|8.3507681,45.1365615,8.4138885,45.1636829
46892|Re|8.5334147,46.1157631,8.6112081,46.1962428
43489|Treiso|8.0615173,44.6590489,8.1051125,44.7085365
44884|Barbania|7.5849082,45.2805714,7.6599627,45.3086453
43222|Tarantasca|7.5029434,44.4709426,7.5526103,44.5287931
46799|Malesco|8.4204261,46.0430765,8.5612985,46.1416114
46579|Calasca-Castiglione|8.0907125,45.9450466,8.2375249,46.0384589
44175|Castiglione_Torinese|7.7726170,45.0830946,7.8248993,45.1413172
45083|Vicolungo|8.4110916,45.4557826,8.5041579,45.4955147
44121|Bozzole|8.5992799,45.0545481,8.6459876,45.0912387
43752|Volpedo|8.9657791,44.8652369,9.0303635,44.9053013
43347|Ovada|8.5991857,44.5786265,8.6722698,44.6675615
44418|Usseglio|7.0675640,45.1863712,7.2576365,45.2827190
43264|Villafalletto|7.5116435,44.5228133,7.5892416,44.5946884
44169|Borgo_San_Martino|8.5065568,45.0741714,8.5604390,45.1143372
43422|Trezzo_Tinella|8.0946317,44.6428395,8.1365315,44.6946408
43562|Villar_Pellice|7.0904038,44.7208916,7.1826169,44.8595316
43504|Ruffia|7.5770407,44.6991238,7.6255113,44.7317273
46596|Massiola|8.2947259,45.9083638,8.3316853,45.9565166
43859|Montecastello|8.6701776,44.9420939,8.7134936,44.9730320
44514|Rondissone|7.9259121,45.2311641,7.9931885,45.2624641
44068|Villarbasse|7.4411972,45.0275210,7.5034700,45.0583408
46097|Meina|8.4893073,45.7695691,8.5556651,45.8036259
43457|Arquata_Scrivia|8.8501274,44.6350834,8.9311532,44.7058263
44780|Borgomasino|7.9539557,45.3445335,8.0123842,45.3806215
44543|Desana|8.2990413,45.2399069,8.3794926,45.2849440
44430|San_Maurizio_Canavese|7.5926703,45.1804385,7.6879468,45.2299808
46987|Montecrestese|8.3067566,46.1407006,8.4558539,46.2992922
43569|Vezza_d_Alba|7.9597852,44.7450266,8.0274615,44.7855282
43883|Castelnuovo_Scrivia|8.8350175,44.9304672,8.9256648,45.0213390
43194|Carrù|7.8084093,44.4566183,7.9015308,44.5058131
42879|Alto|7.9679047,44.1033144,8.0166522,44.1345531
43329|Novello|7.8959159,44.5686491,7.9518456,44.6110063
43012|Demonte|7.1024807,44.2612319,7.3807838,44.3873930
45510|Mezzomerico|8.5822460,45.6027385,8.6239173,45.6402971
43836|San_Paolo_Solbrito|7.9566639,44.9326356,8.0041315,44.9740127
43490|Neviglie|8.0980750,44.6709984,8.1394880,44.7130128
46852|Cavaglio-Spoccia|8.5916988,46.0657306,8.6509574,46.1238259
43373|Cervere|7.7131112,44.6035604,7.8125080,44.6519239
45436|Pettinengo|7.9967472,45.5931102,8.1237188,45.7406178
43925|Alluvioni_Cambiò|8.7242957,44.9725906,8.8227890,45.0152870
46483|Carcoforo|7.9967748,45.8911108,8.0865930,45.9363130
44708|Vinzaglio|8.4626462,45.3114961,8.5383668,45.3477553
46607|San_Bernardino_Verbano|8.3936796,45.9458535,8.5374319,46.0446229
43360|Martiniana_Po|7.3252617,44.5971440,7.3925374,44.6381916
44764|San_Ponso|7.6471191,45.3397537,7.6782225,45.3555447
43440|Silvano_d_Orba|8.6522701,44.6558452,8.7054705,44.7059631
43528|Bobbio_Pellice|6.9997853,44.7137550,7.1342890,44.8503753
45362|Sordevolo|7.8949226,45.5648811,7.9892913,45.6203563
46673|Premosello-Chiovenda|8.3105680,45.9847402,8.4196457,46.0537855
45181|Traversella|7.6147444,45.4999787,7.7830881,45.5573452
43732|Pozzol_Groppo|9.0065346,44.8490804,9.0701055,44.8890466
43450|Cassinasco|8.2858335,44.6694499,8.3356467,44.7189092
44449|Stroppiana|8.4289200,45.2005864,8.4818661,45.2602745
43342|Salmour|7.7745544,44.5591030,7.8252970,44.6079681
43691|Borgoratto_Alessandrino|8.4935622,44.8011252,8.5477694,44.8469336
43873|Cinaglio|8.0736684,44.9473550,8.1165826,44.9860515
43850|Volvera|7.4645257,44.9331426,7.5451737,44.9941129
43400|La_Morra|7.8965490,44.6201442,7.9739266,44.6865816
43719|Carbonara_Scrivia|8.8389517,44.8421788,8.8783689,44.8649427
43340|Bosia|8.1255543,44.5839177,8.1613055,44.6135207
43185|Clavesana|7.8902048,44.4581219,7.9709294,44.4983931
43143|Sale_San_Giovanni|8.0577858,44.3788986,8.1065396,44.4344105
43323|Perletto|8.1904053,44.5697426,8.2457219,44.6181462
43634|Avolasca|8.9439652,44.7871663,9.0034718,44.8322471
45101|Galliate|8.6514014,45.4565485,8.7889759,45.5216999
43729|Prarostino|7.2277125,44.8520527,7.2969652,44.8846777
45530|Mezzana_Mortigliengo|8.1739198,45.6173903,8.2121082,45.6435373
43712|Montaldo_Scarampi|8.2457981,44.8150642,8.2978934,44.8489010
45591|Agrate_Conturbia|8.5403837,45.6383288,8.5943987,45.6911999
43497|Ricaldone|8.4510667,44.7024611,8.5048791,44.7832560
43125|Briaglia|7.8565996,44.3876555,7.8971093,44.4166180
46132|Pisano|8.4895598,45.7832252,8.5214057,45.8054935
43156|Cigliè|7.8990297,44.4210322,7.9451458,44.4620064
43349|Isasca|7.3476653,44.5774510,7.3919562,44.6021655
44241|Tonengo|7.9802774,45.1024443,8.0224187,45.1299796
44766|Mercenasco|7.8316888,45.3390667,7.9028007,45.3730253
43394|Cremolino|8.5340186,44.6151286,8.6197428,44.6515797
44392|Robassomero|7.5367245,45.1687659,7.6111693,45.2196084
43338|Carrega_Ligure|9.1021553,44.5735517,9.2052439,44.6682817
43016|Montaldo_di_Mondovì|7.8294871,44.2594564,7.8949168,44.3489962
42872|Ormea|7.7457088,44.1056338,7.9900867,44.2232580
43383|Melazzo|8.3838672,44.6110798,8.4502731,44.6744118
45491|Sagliano_Micca|7.9047634,45.6065204,8.0560761,45.7018954
44946|Albano_Vercellese|8.3535814,45.4055750,8.4065349,45.4516441
44027|Alfiano_Natta|8.1690496,45.0099142,8.2346483,45.0636438
43530|Novi_Ligure|8.7225497,44.7163340,8.8512238,44.8081568
45384|Gattinara|8.3191991,45.5711098,8.3943622,45.6450999
46327|Rossa|8.0961699,45.8225278,8.1471372,45.8867693
44200|Pianezza|7.5143343,45.0881191,7.6071863,45.1362415
43775|Pramollo|7.1484256,44.8756161,7.2237162,44.9281058
43537|Montacuto|9.0678769,44.7255528,9.1406778,44.7874207
46907|Masera|8.3013361,46.1155388,8.4284232,46.1799651
44340|Givoletto|7.4608264,45.1412592,7.5290293,45.1809361
1552703|Vercelli|8.3161725,45.2777348,8.5136793,45.3723426
43600|Castelnuovo_Calcea|8.2666818,44.7718665,8.3079240,44.8046161
42987|Viola|7.9406320,44.2453525,8.0040120,44.3059124
44242|Moransengo|8.0142829,45.1054412,8.0477908,45.1330048
46765|Beura-Cardezza|8.2689961,46.0309407,8.3790539,46.0928200
45444|Zumaglia|8.0724903,45.5855155,8.0977156,45.6036691
42865|Caprauna|7.9260554,44.1010988,7.9742862,44.1384319
45293|Biella|7.9351286,45.5368345,8.0962365,45.6456342
44822|Canischio|7.5400849,45.3650941,7.6202156,45.3953207
43641|Mombercelli|8.2700874,44.8015276,8.3271932,44.8540688
43256|Levice|8.1245042,44.5133579,8.1873526,44.5610083
45112|Trausella|7.6562535,45.4788932,7.7798506,45.5589588
44118|Pavarolo|7.8139866,45.0590249,7.8452373,45.0931053
43413|Visone|8.4798754,44.6291322,8.5298193,44.6765936
44008|Alzano_Scrivia|8.8607752,45.0073743,8.8977313,45.0282079
44961|Vidracco|7.7359868,45.4165137,7.7632129,45.4378184
44992|Chiesanuova|7.6291018,45.4083520,7.6625044,45.4376891
43622|Brignano-Frascata|9.0142772,44.7859608,9.0754283,44.8341000
45057|Buronzo|8.2162760,45.4562993,8.3106509,45.5177317
42938|Valdieri|7.1885996,44.1407717,7.4537728,44.3096871
43585|Castellinaldo|8.0119939,44.7616967,8.0565989,44.7963332
47153|Formazza|8.2886233,46.3195841,8.4711357,46.4642213
43679|Pralormo|7.8526652,44.8215344,7.9433919,44.8861984
43542|Villanova_Solaro|7.5385875,44.7122122,7.6038682,44.7641264
45078|Lessolo|7.7994953,45.4644998,7.8462680,45.5019526
43849|Cambiano|7.7203475,44.9361107,7.7964776,45.0115085
43782|Villafranca_d_Asti|7.9980694,44.8983758,8.0750743,44.9410414
1559661|San_Cristoforo|8.7301674,44.6840770,8.7627681,44.7115045
43707|Macello|7.3750140,44.8336013,7.4511849,44.8638870
44364|Brandizzo|7.8132921,45.1575749,7.8557125,45.1883121
43613|Monteu_Roero|7.8511235,44.7616655,7.9942441,44.8310549
44139|Cocconato|8.0102845,45.0665684,8.0862137,45.1092234
44070|Occimiano|8.4685029,45.0401936,8.5595030,45.0842628
43724|Asti|8.0879792,44.8410199,8.3167098,44.9945490
42958|Frabosa_Sottana|7.7382895,44.2237809,7.8096760,44.3444901
43282|Frassino|7.2464726,44.5352544,7.2974208,44.5929932
43571|Costigliole_d_Asti|8.1278532,44.7495969,8.2311497,44.8286973
46466|Casale_Corte_Cerro|8.3825805,45.9008498,8.4295673,45.9469010
44983|Dorzano|8.0856076,45.4169975,8.1531885,45.4368949
43470|Fabbrica_Curone|9.1276069,44.6860134,9.2142404,44.8023890
45786|Guardabosone|8.1383628,45.6819100,8.2748674,45.7654054
44437|Novalesa|6.9865710,45.1693535,7.0771647,45.2257281
45453|Vaprio_d_Agogna|8.5179725,45.5888797,8.5886122,45.6187792
43307|Piasco|7.4215672,44.5556470,7.4791618,44.5849579
43958|Buttigliera_d_Asti|7.9158122,44.9840312,7.9954739,45.0296668
43058|San_Michele_Mondovì|7.8944376,44.3402927,7.9494260,44.4004132
44799|Valperga|7.6273408,45.3427332,7.6953957,45.3858716
45172|Sala_Biellese|7.9205789,45.4952933,7.9876242,45.5217601
45704|Borgo_Ticino|8.5671687,45.6699486,8.6313812,45.7118861
46914|Craveggia|8.4611543,46.1196917,8.5454599,46.2330410
44372|Venaus|6.9429575,45.1453115,7.0328560,45.1979032
43901|Cossombrato|8.1198075,44.9612819,8.1595658,45.0019229
44935|Trecate|8.6688796,45.3979718,8.8119828,45.4659945
43762|Berzano_di_Tortona|8.9415017,44.8643002,8.9640487,44.8854573
43433|Morsasco|8.5231208,44.6498924,8.5768404,44.6831801
45873|Rassa|7.9270916,45.7185596,8.0251494,45.7872189
43029|Pietraporzio|6.9527520,44.2800848,7.0582895,44.3789832
46450|Germagno|8.3750630,45.8854991,8.3976957,45.9159265
43913|Castelletto_Monferrato|8.5168261,44.9566761,8.5956659,44.9865063
43799|Villastellone|7.7033472,44.8852997,7.7884804,44.9398508
42951|Roburent|7.8358442,44.2060623,7.9088880,44.3259808
45268|Occhieppo_Inferiore|8.0088032,45.5282059,8.0343727,45.5588696
43688|Belveglio|8.3111352,44.8228519,8.3565822,44.8487323
43392|Saluzzo|7.4313650,44.6090541,7.5496426,44.7593561
46056|Breia|8.2843121,45.7551134,8.3212107,45.7923192
44039|Villadeati|8.1463245,45.0274876,8.1966438,45.0875142
42844|Briga_Alta|7.6262320,44.0597158,7.7604296,44.1969277
44974|Vistrorio|7.6921991,45.4179694,7.7811684,45.4927635
43846|Salza_di_Pinerolo|6.9876045,44.9182224,7.0839285,44.9513315
43551|Guarene|7.9997809,44.7206102,8.0748529,44.7525974
43582|Sardigliano|8.8816913,44.7414939,8.9593574,44.7890588
43162|Montemale_di_Cuneo|7.3216023,44.4210506,7.4015049,44.4485195
1540292|Casale_Monferrato|8.3594495,45.0410161,8.5570443,45.1756583
43123|Morozzo|7.6362643,44.3892197,7.7313494,44.4687406
43623|Castellania|8.9139091,44.7835080,8.9654055,44.8113305
45626|Bogogno|8.5163835,45.6446245,8.5592532,45.6803600
45179|Castellazzo_Novarese|8.4616232,45.4952173,8.5290022,45.5280739
44800|Cuceglio|7.7890668,45.3426305,7.8319301,45.3750456
43177|Centallo|7.5498765,44.4437262,7.6444806,44.5306716
44908|Cerano|8.7304458,45.3743775,8.8428962,45.4353723
44029|Montiglio_Monferrato|8.0497652,45.0241452,8.1590635,45.0892119
45267|Lessona|8.1824658,45.5342978,8.2393552,45.6047533
43656|Pancalieri|7.5462381,44.8057375,7.6202145,44.8627064
44028|Sauze_d_Oulx|6.8375554,44.9932994,6.9037348,45.0400038
43687|Montegioco|8.9378349,44.8247406,8.9809323,44.8551471
43589|Gavazzana|8.8700226,44.7644026,8.9022408,44.7851210
45136|Brosso|7.7002488,45.4836740,7.8197548,45.5448716
44674|Borgolavezzaro|8.6548360,45.2916099,8.7265398,45.3438543
43455|Terzo|8.3930047,44.6599975,8.4381281,44.6981689
43567|Basaluzzo|8.6712497,44.7458061,8.7435947,44.7902753
44504|Torrazza_Piemonte|7.9564033,45.2020686,8.0066351,45.2366854
44769|Pratiglione|7.5304383,45.3401338,7.6188397,45.3832851
1559662|Parodi_Ligure|8.7309749,44.6524772,8.7916965,44.6909389
44940|Borgiallo|7.6384153,45.3944011,7.6768782,45.4585459
44013|Cerreto_d_Asti|8.0224202,45.0196245,8.0416677,45.0670919
43248|Piozzo|7.8500050,44.4947839,7.9108762,44.5431066
45008|Lugnacco|7.6872357,45.4328478,7.8152796,45.5015661
44009|Molino_dei_Torti|8.8827215,45.0163858,8.9047591,45.0404340
44182|Caselette|7.4286831,45.0884742,7.4999670,45.1284950
46860|Santa_Maria_Maggiore|8.4114195,46.0697392,8.4938883,46.2495441
46067|Orta_San_Giulio|8.3933181,45.7689462,8.4415345,45.8074359
43984|Trana|7.3658231,45.0050855,7.4414157,45.0530385
43290|Malvicino|8.3889573,44.5387713,8.4447406,44.5736984
45098|Burolo|7.9126057,45.4648682,7.9426722,45.5029077
43114|Lesegno|7.9407633,44.3738260,7.9931701,44.4200874
43059|Mombasiglio|7.9386158,44.3184041,7.9921368,44.3836762
44322|Camino|8.2366357,45.1434070,8.3215764,45.1810935
46095|Varallo|8.1791232,45.7657880,8.3359055,45.8959122
43834|Pontecurone|8.9000174,44.9249033,8.9808734,44.9884714
44802|Vialfrè|7.7891321,45.3557695,7.8337525,45.3878612
43351|Lequio_Berria|8.0644109,44.5901436,8.1350376,44.6233262
44534|Montanaro|7.8091893,45.2052222,7.8855726,45.2615614
45285|Bellinzago_Novarese|8.5925782,45.5203408,8.7069628,45.5811333
44735|Borgo_d_Ale|8.0079810,45.3140098,8.1262242,45.4066617
43378|Castino|8.1222718,44.5981037,8.1984212,44.6527491
44947|Villarboit|8.2976220,45.4028716,8.3602827,45.4769567
44551|Grosso|7.5511923,45.2476525,7.5739443,45.2841321
43521|Castiglione_Tinella|8.1595423,44.7145547,8.2222295,44.7519355
43555|Quaranti|8.4382831,44.7364182,8.4618652,44.7603594
44271|Settimo_Torinese|7.7173605,45.1113854,7.8320845,45.1750742
45373|Quaregna|8.1441871,45.5628634,8.1765896,45.6079783
43425|Alba|7.9674701,44.6389493,8.0995894,44.7354870
43214|Roccabruna|7.2861352,44.4631903,7.3597071,44.5248719
43432|Cossano_Belbo|8.1647985,44.6316730,8.2267927,44.6906796
45271|Nomaglio|7.8469773,45.5326355,7.8746310,45.5516478
43471|Canelli|8.2551286,44.6852202,8.3170042,44.7550738
44192|Terruggia|8.4268453,45.0566363,8.4691275,45.0956305
46661|Intragna|8.5294655,45.9815168,8.5852793,46.0314124
44152|Gravere|7.0040221,45.0758698,7.0533997,45.1362784
43572|Dernice|9.0058186,44.7339713,9.0734275,44.7882859
43620|Gremiasco|9.0657697,44.7802953,9.1652858,44.8190255
43540|Sommariva_Perno|7.8372285,44.7098034,7.9367122,44.7817721
43844|Viarigi|8.3407373,44.9291523,8.3873663,44.9941326
46088|Madonna_del_Sasso|8.3151098,45.7669327,8.3772072,45.8091284
45697|Pray|8.1851865,45.6565421,8.2347215,45.6936942
44810|Granozzo_con_Monticello|8.5527726,45.3469126,8.6232571,45.3954262
43501|Vignole_Borbera|8.8699897,44.6977295,8.9372821,44.7241653
45278|Graglia|7.8930275,45.5295301,7.9869532,45.6063150
43078|Vignolo|7.4518096,44.3440482,7.5070480,44.3763943
42953|Vernante|7.4653593,44.1543972,7.5893006,44.2658158
46299|Nonio|8.3171144,45.8376556,8.3992662,45.8655738
44184|Sant_Ambrogio_di_Torino|7.3374218,45.0835035,7.3900340,45.1114943
44069|Conzano|8.4414076,45.0091781,8.4853708,45.0600349
43308|Cerreto_Langhe|8.0413067,44.5603361,8.1125722,44.5952861
45013|Issiglio|7.7146040,45.4335270,7.7612567,45.4640195
44365|Leinì|7.6840011,45.1476146,7.7593542,45.2300286
43909|Rivarone|8.6891262,44.9603382,8.7400359,44.9839760
43715|Masio|8.3760646,44.8417159,8.4633174,44.8914069
44775|Maglione|7.9899316,45.3292398,8.0244373,45.3678283
43547|Fontanile|8.3913470,44.7293000,8.4434567,44.7684633
43710|Oviglio|8.4223960,44.8376715,8.5263274,44.9027229
43842|La_Loggia|7.6480626,44.9323397,7.7017363,44.9787112
43408|Marene|7.6979092,44.6213194,7.7656870,44.6922055
43575|Nizza_Monferrato|8.3031507,44.7385442,8.4038346,44.7947340
45548|Callabiana|7.9238994,45.6200771,8.1065513,45.7146788
43794|Piscina|7.3896637,44.9044721,7.4619953,44.9350232
45221|Gaglianico|8.0620899,45.5172160,8.1014470,45.5476475
44969|Casalbeltrame|8.4348014,45.4091865,8.5107266,45.4479448
43604|Cavour|7.3430908,44.7515947,7.4565736,44.8408278
44108|Rosta|7.4441859,45.0521755,7.4832242,45.0944793
45437|Bioglio|8.0035913,45.5926172,8.1534975,45.7143609
43669|Lombriasco|7.6121907,44.8164036,7.6604540,44.8611609
42974|Peveragno|7.5780814,44.2411823,7.6598786,44.3797964
43411|Rocchetta_Belbo|8.1532443,44.6269658,8.1970536,44.6528204
43478|Rocchetta_Palafea|8.3249097,44.6878789,8.3653356,44.7215244
43632|Vaglio_Serra|8.3197755,44.7867679,8.3643857,44.8172223
43300|Costigliole_Saluzzo|7.4506322,44.5417331,7.5274728,44.5848972
45631|Prato_Sesia|8.3405733,45.6387014,8.3980232,45.6918893
43145|Roascio|8.0057878,44.4053292,8.0482320,44.4319364
44086|Giarole|8.5458552,45.0423154,8.5782142,45.0732698
43939|Cuccaro_Monferrato|8.4371630,44.9742124,8.4699242,45.0056440
43188|Monesiglio|8.0978871,44.4425359,8.1531474,44.4830115
43017|Monasterolo_Casotto|7.9213183,44.2948817,7.9589036,44.3404405
45210|Ghislarengo|8.3456075,45.5122653,8.4033161,45.5408651
43744|Buriasco|7.3834600,44.8589733,7.4596112,44.8921819
43722|Sarezzano|8.8973708,44.8438902,8.9572789,44.8834369
43311|Roccaverano|8.2464391,44.5521704,8.3268202,44.6251003
44119|Buttigliera_Alta|7.4173308,45.0586875,7.4570505,45.0897105
43449|Roccaforte_Ligure|8.9754152,44.6474468,9.0518020,44.7247908
43465|Barge|7.2031627,44.6798534,7.4752548,44.7785021
45758|Caprile|8.1049631,45.6834674,8.2345220,45.7576414
43100|Beinette|7.6051749,44.3384157,7.6829385,44.3921334
43700|Spineto_Scrivia|8.8543838,44.8259180,8.8924879,44.8481933
46615|Bee|8.5654986,45.9580527,8.5928151,45.9809718
45180|Briona|8.4486610,45.4996016,8.5619389,45.5653594
45311|Muzzano|7.9178956,45.5493569,8.0073221,45.5945122
44435|Lemie|7.2280186,45.1847444,7.3330075,45.2744387
43565|Cassano_Spinola|8.8454272,44.7430543,8.8958099,44.7981276
43301|Serravalle_Langhe|8.0431845,44.5424943,8.0940598,44.5757955
43708|Mongardino|8.2000844,44.8338725,8.2551872,44.8634357
3369914|Mappano|7.6813178,45.1309003,7.7290548,45.1714781
45560|Camandona|8.0455438,45.6266248,8.1178157,45.7133645
44166|Ozzano_Monferrato|8.3256637,45.0685525,8.3995187,45.1344302
42929|Magliano_Alpi|7.7533957,44.1753707,7.8423220,44.4934341
43969|Viale|8.0328202,44.9923020,8.0706605,45.0137313
43615|Canale|7.9610832,44.7794175,8.0456295,44.8256276
43955|Oulx|6.7034463,44.9868739,6.9176943,45.1138916
45885|Scopello|8.0589785,45.7187467,8.1408065,45.7974915
43866|Montemagno|8.3030969,44.9411831,8.3575076,45.0017771
43527|Cassine|8.4815518,44.7119914,8.5690419,44.7959894
44281|Verrua_Savoia|8.0552389,45.1229674,8.1518662,45.1874392
45103|Vico_Canavese|7.6051242,45.4739305,7.8099691,45.5707871
43924|Frinco|8.1570843,44.9737122,8.1919883,45.0142193
43369|Genola|7.6336578,44.5714542,7.7040654,44.6068181
43807|None|7.5121152,44.9088575,7.6016183,44.9878274
44320|San_Raffaele_Cimena|7.8259340,45.1327509,7.8848024,45.1737398
46575|Anzola_d_Ossola|8.3096410,45.9467502,8.3648236,45.9945912
46047|Scopa|8.0794951,45.7588886,8.1670392,45.8137196
42973|Boves|7.5039262,44.2434901,7.6013521,44.3622808
43916|Roure|7.0544667,44.9599715,7.1826793,45.0675447
43024|Borgo_San_Dalmazzo|7.4217988,44.2992045,7.5257160,44.3567561
43759|Castello_di_Annone|8.2857582,44.8696525,8.3725306,44.9211444
44667|Busano|7.6483634,45.2955718,7.6717018,45.3407568
44660|Favria|7.6667278,45.2754604,7.7036704,45.3378996
44917|Viverone|8.0219059,45.3965599,8.0716814,45.4448173
45151|Mandello_Vitta|8.4393287,45.4885383,8.4821312,45.5169456
44130|Mattie|7.0690867,45.0618052,7.1414055,45.1293084
44158|Vaie|7.2781054,45.0784804,7.3094694,45.1133911
45166|Borgofranco_d_Ivrea|7.8165366,45.4950122,7.8844860,45.5375168
43874|Massello|6.9643003,44.9377911,7.0786326,44.9964004
43418|Diano_d_Alba|7.9799825,44.6291223,8.0820961,44.6751200
43696|Vigliano_d_Asti|8.1972693,44.8083141,8.2637715,44.8551481
43285|Savigliano|7.5596101,44.5374860,7.7147085,44.6897021
43978|Giaveno|7.2114836,44.9797716,7.3842126,45.0715994
43191|Busca|7.3576595,44.4633614,7.5302815,44.5539337
43202|Pareto|8.3429591,44.4743106,8.4698483,44.5486980
43175|Gottasecca|8.1507414,44.4410403,8.2113189,44.4828120
1552706|Borgo_Vercelli|8.4211597,45.3348867,8.4995327,45.3843290
45224|Candelo|8.0856359,45.5189059,8.1691362,45.5539744
44942|Perosa_Canavese|7.8215790,45.3898548,7.8503119,45.4212231
45119|Montalto_Dora|7.8378868,45.4775069,7.8875166,45.5068167
43683|Cisterna_d_Asti|7.9789496,44.8142904,8.0242772,44.8676325
43109|Canosio|6.9925383,44.3758340,7.0959200,44.4895800
43166|Celle_di_Macra|7.1325680,44.4178710,7.2107021,44.4964162
44002|Isola_Sant_Antonio|8.7941525,45.0044251,8.9001569,45.0608707
43026|Perlo|8.0728983,44.3019041,8.1161826,44.3427272
45395|Oleggio|8.5803589,45.5702341,8.7048927,45.6282507
44251|Bardonecchia|6.6272658,45.0195363,6.8554769,45.1597650
43118|Castelmagno|7.1198740,44.3756278,7.2551552,44.4380758
45357|Ghemme|8.3911734,45.5608097,8.4649430,45.6310245
43343|Pagno|7.3991297,44.5847747,7.4523829,44.6281830
43523|Calamandrana|8.3099764,44.7137774,8.3681668,44.7562521
44126|Usseaux|6.9507547,45.0109320,7.0689704,45.0786421
43419|Rifreddo|7.3357140,44.6381916,7.3742450,44.6715694
44415|Viù|7.2910124,45.1766134,7.4666273,45.2764437
43654|Isola_d_Asti|8.1413260,44.8045754,8.2059565,44.8522156
43725|Cellarengo|7.8850194,44.8463387,7.9588452,44.8970889
43789|Villar_Perosa|7.2356918,44.8930313,7.2786733,44.9462037
44502|Villanova_Canavese|7.5326803,45.2199461,7.5623619,45.2504183
43685|Paderna|8.8685700,44.8148128,8.9034852,44.8370619
45570|Veglio|8.0346767,45.6294955,8.1291516,45.6782531
43811|Pragelato|6.8710147,44.8983723,6.9941732,45.0646038
45601|Pombia|8.6068400,45.6321781,8.6886143,45.6608356
45236|Andrate|7.8663022,45.5172076,7.9024034,45.5822168
44558|Rivarolo_Canavese|7.7014619,45.2499999,7.7562373,45.3571806
43945|Soglio|8.0649627,44.9786553,8.0948455,45.0072982
45509|Fontaneto_d_Agogna|8.4265170,45.6121110,8.5084250,45.6681982
43273|Feisoglio|8.0785378,44.5319387,8.1277581,44.5606645
46376|Rimasco|8.0246835,45.8508014,8.1057051,45.9140566
43764|Tigliole|8.0428094,44.8630542,8.1208518,44.9012102
43832|Roletto|7.2977950,44.9018864,7.3865272,44.9520390
44472|Lombardore|7.6900394,45.2165205,7.7623399,45.2537937
46184|Lesa|8.5364544,45.7981364,8.5938008,45.8563114
43160|Rocca_de__Baldi|7.7119048,44.4024804,7.7757875,44.4709313
44099|Cella_Monte|8.3619041,45.0502843,8.4003675,45.0836831
43627|Castellazzo_Bormida|8.5104236,44.7827644,8.6343319,44.8758337
43580|Magliano_Alfieri|8.0493799,44.7493841,8.1043810,44.7840452
44244|Condove|7.2036832,45.1075274,7.3343623,45.1976344
1559653|Sali_Vercellese|8.2860224,45.2938084,8.3432788,45.3198031
43376|Barolo|7.9203118,44.6005577,7.9615096,44.6278752
44194|Cerrina_Monferrato|8.1760258,45.0924254,8.2450223,45.1370830
43553|Cardè|7.4465003,44.7089456,7.5013159,44.7681138
44539|Asigliano_Vercellese|8.3633573,45.2409709,8.4576733,45.2875568
44223|Serralunga_di_Crea|8.2640084,45.0812605,8.3195813,45.1125155
44212|San_Giorgio_Monferrato|8.3918241,45.0966444,8.4360607,45.1250706
46593|Mergozzo|8.3874018,45.9360188,8.4772609,46.0246004
44630|Corio|7.4714217,45.2822789,7.5662542,45.3728217
44347|Morano_sul_Po|8.2945345,45.1506672,8.4107052,45.2011104
43306|Roddino|7.9901659,44.5463730,8.0506283,44.5960463
44072|Moncalvo|8.2275277,45.0171378,8.3115135,45.0771003
44751|Tornaco|8.6953855,45.3319970,8.7626741,45.3747494
43822|Sale|8.7580169,44.9134153,8.8439264,45.0152851
45739|Veruno|8.5095724,45.6780418,8.5758410,45.7090579
44971|Ivrea|7.8419122,45.4131842,7.9307319,45.4901158
43879|Cortandone|8.0395460,44.9428816,8.0768251,44.9681303
43784|Casalnoceto|8.9487238,44.8923238,9.0231690,44.9434915
45411|Ternengo|8.1029726,45.5833009,8.1305655,45.5956088
46689|Vanzone_con_San_Carlo|8.0632698,45.9538889,8.1373401,46.0127159
44949|Quagliuzzo|7.7720043,45.4125089,7.7888050,45.4347807
45523|Tavigliano|7.9554818,45.6166355,8.0721928,45.7219822
44737|San_Germano_Vercellese|8.2101713,45.3296932,8.3178594,45.3860225
46769|Falmenta|8.5297110,46.0447058,8.6021759,46.0895506
44149|Chiomonte|6.9470236,45.0696153,7.0201477,45.1364825
43395|Ponti|8.3311900,44.6047876,8.3866344,44.6553561
45908|Gozzano|8.3948956,45.7243231,8.4618520,45.7705611
46419|Fobello|8.0833842,45.8792924,8.1774009,45.9334263
44671|Ceres|7.2970231,45.2948449,7.4189060,45.3470086
43805|Villanova_d_Asti|7.8834321,44.9123227,7.9941235,44.9939343
45192|Rovasenda|8.2774003,45.4968827,8.3479796,45.5790510
44627|Rocca_Canavese|7.5415565,45.2803284,7.6072565,45.3390227
43796|Dusino_San_Michele|7.9448265,44.9046995,8.0162287,44.9358306
44834|Scarmagno|7.8307993,45.3563416,7.8600231,45.4096096
46809|Gurro|8.5112417,46.0601340,8.5934424,46.0959121
45666|Varallo_Pombia|8.6062598,45.6474789,8.6827004,45.6913952
43095|Montezemolo|8.1175872,44.3630413,8.1514223,44.4010883
45064|Ronco_Canavese|7.3751831,45.4562997,7.6170410,45.5555674
43401|Benevello|8.0792089,44.6211788,8.1200698,44.6459650
45381|Ronco_Biellese|8.0697500,45.5744662,8.1182796,45.5967212
44091|San_Giorio_di_Susa|7.1440360,45.0475586,7.2129643,45.1324761
44031|Olivola|8.3565008,45.0259176,8.3811806,45.0461135
46209|Arola|8.3223096,45.8047516,8.3698511,45.8299436
43747|Alessandria|8.5028989,44.8429027,8.7900078,44.9907246
43451|Envie|7.3371090,44.6668279,7.4179579,44.7185250
45253|Tavagnasco|7.7754694,45.5293680,7.8361596,45.5570780
46659|Premeno|8.5745510,45.9655974,8.6204810,46.0002720
43900|Castell_Alfero|8.1585777,44.9560748,8.2450288,45.0074892
43919|Villa_San_Secondo|8.1233774,44.9662272,8.1726160,45.0264610
45045|Alice_Superiore|7.7019811,45.4490693,7.8163439,45.4998069
46141|Pella|8.3671738,45.7840130,8.4083910,45.8401443
43617|Incisa_Scapaccino|8.3458224,44.7847592,8.4282389,44.8496702
43705|Cerreto_Grue|8.9135219,44.8268302,8.9482207,44.8530308
43420|Acqui_Terme|8.4087344,44.6368953,8.5122451,44.7110974
44686|Orio_Canavese|7.8376820,45.3047596,7.8717544,45.3453755
43206|Prunetto|8.1010625,44.4762306,8.1730096,44.5145733
43398|Castiglione_Falletto|7.9607639,44.6171272,7.9873125,44.6496873
43320|Casteldelfino|7.0448917,44.5538750,7.1209115,44.6371903
45091|Zubiena|7.9734266,45.4710844,8.0394822,45.5081551
1552638|Pertengo|8.3899069,45.2197367,8.4375028,45.2481449
44163|Gassino_Torinese|7.8018918,45.0776411,7.8741452,45.1542236
46219|Balmuccia|8.1060739,45.7972274,8.1682766,45.8476137
45957|Pila|8.0502425,45.7378059,8.0873740,45.7806809
45138|Casaleggio_Novara|8.4698462,45.4663229,8.5350465,45.5048646
44117|Baldissero_Torinese|7.7672116,45.0411434,7.8339882,45.0950104
43484|Ostana|7.1695725,44.6836031,7.2251887,44.7335252
44601|Mezzenile|7.2891543,45.2574077,7.4250498,45.3079034
46323|Cravagliana|8.1364407,45.8370153,8.2543883,45.9109608
43992|Torino|7.5778348,45.0067924,7.7733388,45.1402175
43920|Corsione|8.1398101,44.9770834,8.1748773,45.0212318
44648|Monastero_di_Lanzo|7.4105396,45.2883944,7.4597226,45.3707108
43227|Bene_Vagienna|7.7734888,44.4921748,7.8820161,44.5847776
43653|Bricherasio|7.2377626,44.8078605,7.3461606,44.8547816
45123|Mottalciata|8.1712138,45.4751240,8.2365490,45.5363824
45032|Palazzo_Canavese|7.9618059,45.4444407,7.9979750,45.4703328
44012|Arignano|7.8837562,45.0169870,7.9149650,45.0621768
46730|Vogogna|8.2648785,45.9942984,8.3316720,46.0427287
44849|Cossano_Canavese|7.9838167,45.3756448,8.0125704,45.3983660
44247|Solonghello|8.2759035,45.1107340,8.3097267,45.1483829
43863|Candiolo|7.5540262,44.9449353,7.6102734,44.9888259
43313|Monchiero|7.9012754,44.5540693,7.9424419,44.5826362
43663|Carmagnola|7.6465053,44.8102308,7.8228258,44.9135190
43198|Spigno_Monferrato|8.2782309,44.4649357,8.4107886,44.5745482
43570|Maranzana|8.4639121,44.7461568,8.5013232,44.7809316
43299|Torre_Bormida|8.1201093,44.5454210,8.1703425,44.5845708
44958|Ceresole_Reale|7.0981871,45.3929889,7.2947911,45.5162643
43630|Santo_Stefano_Roero|7.8651998,44.7792327,7.9778541,44.8364602
46337|Stresa|8.4463576,45.8515515,8.5869340,45.9185823
43536|Castelnuovo_Bormida|8.5180432,44.7208050,8.5859212,44.7651588
43356|Sinio|8.0063433,44.5891387,8.0534594,44.6283523
43253|Ponzone|8.4320332,44.5025106,8.5764988,44.6166007
44156|Chiusa_di_San_Michele|7.3038573,45.0789329,7.3429327,45.1109197
43999|Sangano|7.4190869,45.0090989,7.4742729,45.0409742
43508|Alice_Bel_Colle|8.4214267,44.7015292,8.5031944,44.7719257
45132|Torrazzo|7.9179532,45.4820331,7.9778147,45.5143471
43493|Albera_Ligure|9.0462445,44.6857803,9.1566840,44.7269814
45259|Settimo_Vittone|7.8122942,45.5286192,7.8957860,45.6002326
43997|Bruino|7.4570262,44.9991801,7.4936173,45.0272284
45740|Maggiora|8.3807082,45.6746154,8.4467826,45.7212202
43237|Farigliano|7.8901309,44.4860490,7.9685595,44.5518051
45901|Invorio|8.4501774,45.7253079,8.5128764,45.7868662
43298|Cissone|8.0054881,44.5517707,8.0489063,44.5776361
44858|Oldenico|8.3678014,45.3766882,8.4038460,45.4125330
44096|Marentino|7.8592566,45.0366573,7.8979923,45.0960127
43890|Chieri|7.7752257,44.9515528,7.8892982,45.0620506
44583|Lanzo_Torinese|7.4468742,45.2523291,7.5035110,45.2913764
43463|Crissolo|7.0652277,44.6627410,7.1810422,44.7433496
44067|Reano|7.4021680,45.0403048,7.4570569,45.0650688
45182|Caltignaga|8.5411983,45.4977950,8.6162245,45.5547668
43644|Casasco|8.9844253,44.8026128,9.0236501,44.8401570
45690|Rosazza|7.9325185,45.6589097,8.0039339,45.6974813
45142|Chiaverano|7.8794152,45.4823413,7.9297674,45.5266404
44646|Crova|8.1999465,45.2887657,8.2794001,45.3450326
43124|Niella_Tanaro|7.8857538,44.3905857,7.9639598,44.4317689
44143|Grugliasco|7.5547231,45.0337465,7.6253047,45.0711444
43171|Marsaglia|7.9506978,44.4355981,8.0314795,44.4757205
44883|Vauda_Canavese|7.5864789,45.2545708,7.6646877,45.3057217
45830|Postua|8.1571187,45.7008327,8.2442190,45.7764175
43783|Baldichieri_d_Asti|8.0712244,44.8937547,8.1123338,44.9224945
43658|San_Damiano_d_Asti|8.0044568,44.7993194,8.1019075,44.8937630
43766|Quattordio|8.3587603,44.8715863,8.4183317,44.9389586
43448|Cabella_Ligure|9.0727423,44.6215260,9.2064348,44.7018657
44304|Gabiano|8.1717027,45.1252200,8.2434971,45.1783339
45152|Landiona|8.4007464,45.4799714,8.4448891,45.5080381
44898|Novara|8.5290600,45.3815208,8.7034022,45.5050719
46231|Mollia|7.9902517,45.8053581,8.0566748,45.8467164
43409|Oncino|7.0911154,44.6147907,7.2146820,44.6904629
43103|Valgrana|7.3346322,44.3672665,7.4002990,44.4382126
43203|Fossano|7.5795109,44.4567055,7.8030616,44.6176846
43518|Sezzadio|8.5380151,44.7085037,8.6302369,44.8026040
44144|Collegno|7.5546940,45.0691770,7.6228767,45.1201589
44833|Alice_Castello|8.0307895,45.3447233,8.1352362,45.3979165
45056|Balocco|8.2236549,45.4354099,8.3201782,45.4936991
46920|Villette|8.5161609,46.1071832,8.5577718,46.1645184
46183|Nebbiuno|8.4895705,45.7872785,8.5387233,45.8276607
43851|Roatto|7.9983632,44.9360028,8.0350185,44.9683859
1552702|Casalino|8.4848064,45.3413884,8.5669572,45.4267385
43184|Bastia_Mondovì|7.8750932,44.4281576,7.9343898,44.4684007
43066|Roccasparvera|7.4045646,44.3247133,7.4668199,44.3610844
45185|Mongrando|7.9399870,45.5031194,8.0330335,45.5416859
45471|Casapinta|8.1846283,45.6041105,8.2154094,45.6221787
43341|Verzuolo|7.4289557,44.5733599,7.5609362,44.6217320
43315|Voltaggio|8.7963822,44.5506345,8.9052098,44.6457782
46467|Loreglia|8.3486191,45.8986003,8.3876906,45.9454123
43727|Poirino|7.7859921,44.8333756,7.9015679,44.9600817
43711|Frugarolo|8.6247634,44.8285415,8.7279311,44.8844182
43942|Montechiaro_d_Asti|8.0941059,44.9860515,8.1371603,45.0328487
44259|Venaria_Reale|7.5832130,45.1120354,7.6546271,45.1757812
43761|Scalenghe|7.4154337,44.8726631,7.5454010,44.9171238
43047|Pianfei|7.6840439,44.3282234,7.7413792,44.4023645
43652|Campiglione-Fenile|7.2866251,44.7870095,7.3527932,44.8220120
43684|Vigone|7.4283865,44.8119478,7.5644185,44.8646419
44950|Albiano_d_Ivrea|7.9160933,45.4100472,7.9769151,45.4482088
44174|Odalengo_Grande|8.1211086,45.0807827,8.2081365,45.1288872
43228|Stroppo|7.0909681,44.4766470,7.1662693,44.5456599
43309|Cravanzana|8.0964121,44.5538936,8.1437203,44.5914980
43720|Rocca_d_Arazzo|8.2608894,44.8432584,8.3153912,44.8914026
43088|Bernezzo|7.3737461,44.3588516,7.4900421,44.4162748
44201|San_Mauro_Torinese|7.7351074,45.0809667,7.7951238,45.1236154
43437|Scarnafigi|7.5247113,44.6534693,7.5926262,44.7327036
46581|Arizzano|8.5703119,45.9484558,8.5913280,45.9654770
45031|Cerrione|8.0310716,45.4460254,8.1121295,45.5028408
43421|Bistagno|8.3462510,44.6430331,8.4072431,44.6961392
46485|Macugnaga|7.8684964,45.9006709,8.0452952,45.9994230
45084|Arborio|8.3405242,45.4669335,8.4140756,45.5173991
44613|Pessinetto|7.3985155,45.2756342,7.4559565,45.3010207
45289|Vigliano_Biellese|8.0846003,45.5456345,8.1691371,45.5785740
43637|Villalvernia|8.8424599,44.7958733,8.8710464,44.8224088
46382|Gignese|8.4557752,45.8468883,8.5354238,45.8825209
43777|Cantarana|7.9946418,44.8802562,8.0577417,44.9124087
46068|Bolzano_Novarese|8.4331730,45.7513607,8.4646978,45.7717879
43774|Felizzano|8.3760395,44.8716896,8.4739819,44.9502497
44120|Odalengo_Piccolo|8.1837615,45.0573821,8.2236218,45.0938409
45079|Villanova_Biellese|8.1765985,45.4562212,8.2204516,45.4919967
46126|Colazza|8.4780785,45.7774572,8.5038708,45.8030570
44176|Ticineto|8.5285924,45.0864988,8.5804881,45.1175020
43209|Castelletto_Uzzone|8.1617185,44.4685990,8.2243805,44.5190336
44310|Rubiana|7.3322767,45.1267126,7.4194692,45.1852644
45798|Piedicavallo|7.9189233,45.6690192,8.0083226,45.7140741
45565|Romagnano_Sesia|8.3465160,45.5924688,8.4324834,45.6528383
43374|Cherasco|7.7507024,44.5873060,7.9056523,44.6955053
43272|Rossana|7.3576595,44.5129122,7.4542237,44.5582639
43935|San_Salvatore_Monferrato|8.5163509,44.9737837,8.5997783,45.0334362
44651|Villareggia|7.9439694,45.2613990,7.9917807,45.3179992
43619|San_Sebastiano_Curone|9.0472443,44.7795550,9.0929881,44.7992262
44250|Borgone_di_Susa|7.2157946,45.1118422,7.2747184,45.1325018
44240|Casalborgone|7.8868582,45.1042294,7.9802774,45.1531085
43310|Cortemilia|8.1437116,44.5541027,8.2422090,44.6113555
46573|Ornavasso|8.3471480,45.9326885,8.4347794,45.9914146
47097|Baceno|8.1961857,46.2462718,8.3433839,46.3862901
43274|Venasca|7.3647270,44.5326982,7.4297337,44.5901066
46178|Armeno|8.4200629,45.7970897,8.5069160,45.8767896
44076|Pino_Torinese|7.7402550,45.0115085,7.8107858,45.0724115
44748|Forno_Canavese|7.5292901,45.3238062,7.6114055,45.3718205
44524|Livorno_Ferraris|8.0346647,45.2210339,8.1959375,45.3127743
43296|Fraconalto|8.8604311,44.5506307,8.9217734,44.6157034
43628|Gamalero|8.4860728,44.7857517,8.5708359,44.8204040
46301|Brovello-Carpugnino|8.4938807,45.8317299,8.5512659,45.8719072
43520|Coazzolo|8.1355366,44.7125060,8.1658831,44.7406016
43033|Battifollo|7.9944748,44.2916427,8.0419089,44.3429939
45049|Rueglio|7.7008754,45.4510577,7.7813363,45.4923654
304067|Samone|7.8258936,45.4363314,7.8504692,45.4683815
43491|Montabone|8.3625087,44.6860150,8.4205500,44.7152623
43951|Vignale_Monferrato|8.3568462,44.9759535,8.4417217,45.0316766
45658|Cureggio|8.4308042,45.6525130,8.4833162,45.6853401
42978|Pamparato|7.8726813,44.2038983,7.9530961,44.3001669
44157|Sant_Antonino_di_Susa|7.2457266,45.0753362,7.2841284,45.1126990
43468|Bra|7.7573397,44.6672110,7.9159356,44.7485006
43333|Lerma|8.6898155,44.5683152,8.7672864,44.6582087
43592|Luserna_San_Giovanni|7.1998638,44.7618632,7.2859959,44.8401985
43802|Claviere|6.7436590,44.9133215,6.7656257,44.9480710
45036|Greggio|8.3514072,45.4377016,8.4084214,45.4738946
44319|Mompantero|7.0223890,45.1396188,7.1317917,45.2033311
47011|Varzo|8.0805046,46.1682682,8.2911078,46.3034530
43382|Revello|7.3578662,44.6122552,7.4638470,44.7380770
43167|San_Damiano_Macra|7.1890087,44.4343764,7.2907776,44.5437883
43590|Agliano_Terme|8.2198199,44.7647020,8.2756791,44.8111463
42926|Roccaforte_Mondovì|7.6859734,44.1656720,7.7860066,44.3362526
43921|Nichelino|7.5798856,44.9629797,7.6629430,45.0111822
44004|Penango|8.2297979,45.0090918,8.2924207,45.0421193
43825|Castagnole_Monferrato|8.2818438,44.9198980,8.3376078,44.9918381
44561|Bosconero|7.7365729,45.2496112,7.8027851,45.2914786
43324|Montechiaro_d_Acqui|8.3469337,44.5654845,8.4167383,44.6229009
44104|Moncucco_Torinese|7.8916450,45.0408517,7.9535380,45.0952992
43393|Pontechianale|6.9479283,44.5993787,7.1100265,44.6913996
45785|Borgosesia|8.1796272,45.6941541,8.3202058,45.7769078
44367|Palazzolo_Vercellese|8.2061721,45.1639998,8.2663312,45.2084717
43545|Torre_San_Giorgio|7.5174140,44.7118305,7.5423568,44.7471721
44293|Chianocco|7.1410437,45.1307573,7.2032782,45.1945696
45513|Selve_Marcone|7.9466962,45.6090600,8.0986743,45.7190601
43848|Vinovo|7.5994125,44.9259623,7.6575635,44.9843383
43608|Bibiana|7.2275106,44.7684956,7.3500902,44.8095392
45171|Sandigliano|8.0519094,45.4948281,8.1006311,45.5306029
44134|Bussoleno|7.0944431,45.0623807,7.1683266,45.1876797
44682|Barone_Canavese|7.8385326,45.3026973,7.8791843,45.3415651
45818|Valduggia|8.3076455,45.6963755,8.3919972,45.7755778
45583|San_Paolo_Cervo|7.9615975,45.6303611,8.0300774,45.6601400
45052|Salerano_Canavese|7.8267249,45.4473879,7.8567480,45.4701838
44210|Mombello_Monferrato|8.2173372,45.0939961,8.3055854,45.1498632
43871|Altavilla_Monferrato|8.3516056,44.9501556,8.3996702,45.0107260
43013|Roccavione|7.4388688,44.2684112,7.5195530,44.3283968
43612|Govone|8.0705955,44.7640229,8.1376393,44.8225588
44279|Brusasco|8.0280166,45.1229791,8.0937194,45.1846131
45196|Benna|8.1063942,45.4950455,8.1712138,45.5295280
44129|Meana_di_Susa|7.0454285,45.0648102,7.0907327,45.1304239
44187|Treville|8.3365135,45.0867978,8.3750642,45.1077556
44389|Volpiano|7.7349773,45.1627080,7.8351783,45.2216392
44783|Prascorsano|7.5546309,45.3476115,7.6396100,45.3824948
43339|Belforte_Monferrato|8.6464025,44.5748825,8.6900524,44.6342950
43791|Castellar_Guidobono|8.9396713,44.8932094,8.9633024,44.9166276
43881|Camerano_Casasco|8.0701033,44.9545444,8.1110526,45.0057472
44005|Grazzano_Badoglio|8.2898273,45.0119223,8.3335327,45.0595891
46603|Vignone|8.5487611,45.9499565,8.5803954,45.9833422
43597|Garbagna|8.9482491,44.7491304,9.0422309,44.8042877
44348|La_Cassa|7.4809351,45.1546761,7.5405834,45.2026312
45837|Gattico|8.4819681,45.6903057,8.5557881,45.7334315
46635|Cossogno|8.4172806,45.9587286,8.5208162,46.0606469
44508|Lamporo|8.0701478,45.2176664,8.1392094,45.2474426
43235|San_Benedetto_Belbo|8.0459453,44.4749361,8.0802021,44.5062139
43260|Pezzolo_Valle_Uzzone|8.1808015,44.4961042,8.2527987,44.5660683
43384|Cavatore|8.4288389,44.6107716,8.4784073,44.6560299
45383|Piatto|8.0702842,45.5744319,8.1565914,45.6666063
43414|Prasco|8.5242934,44.6259265,8.5620246,44.6605569
43642|Frascaro|8.4911169,44.7989149,8.5442344,44.8315324
44219|Almese|7.3853305,45.0993341,7.4554912,45.1404947
43056|Villanova_Mondovì|7.7146866,44.3290597,7.7938657,44.3984342
44007|Mombello_di_Torino|7.9061617,45.0168161,7.9303520,45.0602433
43894|Pietra_Marazzi|8.6480247,44.9278424,8.7053011,44.9657564
43221|Prazzo|7.0012714,44.4518240,7.1022686,44.5503702
44891|Garbagna_Novarese|8.6255616,45.3775856,8.6969060,45.4076037
46757|Viganella|8.1429124,46.0241079,8.2056184,46.0707629
45042|Pecco|7.7027484,45.4457108,7.7970101,45.4905311
43763|Castagnole_Piemonte|7.5379650,44.8743826,7.6122963,44.9189767
44811|Terdobbiate|8.6735586,45.3552872,8.7204075,45.3941040
45269|Quincinetto|7.7292042,45.5345311,7.8264573,45.5827139
43226|Trinità|7.7325436,44.4634947,7.7987698,44.5553925
44048|Ottiglio|8.3050265,45.0276848,8.3805859,45.0720478
44952|Noasca|7.2226604,45.4104872,7.3629565,45.5172228
43987|Guazzora|8.8331303,45.0055897,8.8831423,45.0372985
44460|Ciriè|7.5529489,45.1919501,7.6274381,45.2482967
45043|Recetto|8.3997310,45.4427139,8.4505779,45.4730657
43446|Roddi|7.9379331,44.6608250,7.9950521,44.6931872
45058|Ribordone|7.4167745,45.4110086,7.5336909,45.5084538
43559|Pasturana|8.7280967,44.7365683,8.7669506,44.7633832
43640|Montegrosso_d_Asti|8.1956624,44.7863212,8.2763325,44.8490810
43756|Cerro_Tanaro|8.3488427,44.8660559,8.3917904,44.8893580
44945|Baldissero_Canavese|7.7273124,45.3924481,7.7609442,45.4230504
43650|Bruno|8.4142830,44.7818269,8.4807607,44.8122082
43293|Cartosio|8.3929385,44.5483648,8.4539147,44.6176697
46236|Pettenasco|8.3884352,45.8075233,8.4241621,45.8542677
45542|Marano_Ticino|8.5945589,45.6168978,8.6659438,45.6424033
44859|Cuorgnè|7.5809513,45.3786012,7.6752255,45.4285504
45618|Cressa|8.4935422,45.6267603,8.5246842,45.6663736
44402|Varisella|7.4302346,45.1762369,7.5217697,45.2196069
43516|Predosa|8.5988850,44.7109955,8.6750944,44.7958181
43786|Solero|8.4582098,44.8827538,8.5363405,44.9368229
43158|Igliano|8.0023452,44.4291675,8.0283223,44.4553912
43666|Cortiglione|8.3410806,44.8124300,8.3965097,44.8467966
44386|Villanova_Monferrato|8.4402228,45.1619165,8.5072064,45.2046110
43461|Strevi|8.4844294,44.6748729,8.5534680,44.7196036
43529|Corneliano_d_Alba|7.9293853,44.7205016,8.0014432,44.7502884
43161|Dronero|7.2307838,44.4255432,7.4466288,44.4871457
44756|Vespolate|8.6088377,45.3245583,8.7016316,45.3723541
43944|Orbassano|7.5150391,44.9784635,7.5981089,45.0430597
43868|Fubine|8.3829354,44.9266943,8.4555328,44.9905149
45189|Castelletto_Cervo|8.2125718,45.4932961,8.2681436,45.5431681
46855|Domodossola|8.1962855,46.0830926,8.3068327,46.1789880
43886|Trofarello|7.7199423,44.9526333,7.7676641,45.0016347
44835|Santhià|8.1228297,45.3440930,8.2734488,45.4289373
46549|Ceppo_Morelli|7.9890270,45.9349066,8.1007223,46.0121966
43023|Moiola|7.3556809,44.2933258,7.4247183,44.3330423
43586|Fresonara|8.6655894,44.7657496,8.7213909,44.7964007
46498|Verbania|8.4427903,45.9013364,8.6087116,45.9733507
45992|Pogno|8.3498750,45.7372208,8.4096427,45.7750241
43434|Mango|8.1300957,44.6455010,8.1899658,44.7193748
44154|Villar_Focchiardo|7.1665317,45.0482136,7.2568128,45.1223670
46008|Cellio|8.2900446,45.7304790,8.3401249,45.7761855
45611|Serravalle_Sesia|8.2669531,45.6425476,8.3551313,45.6991856
43049|Nucetto|8.0347480,44.3234536,8.0758864,44.3578880
43768|Volpeglino|8.9468622,44.8832712,8.9706707,44.9082878
43689|Antignano|8.1014176,44.8220311,8.1804135,44.8533450
43348|Arguello|8.0780104,44.5770277,8.1251090,44.5987799
43635|Carezzano|8.8657550,44.7888146,8.9258501,44.8289803
46208|Civiasco|8.2784577,45.7924230,8.3292361,45.8327820
43280|Lequio_Tanaro|7.8552983,44.5227789,7.9124553,44.5751103
45504|Suno|8.5057756,45.6010140,8.5866065,45.6498639
43011|Lisio|7.9575093,44.2883784,8.0045771,44.3254709
43476|Santa_Vittoria_d_Alba|7.9039512,44.6866336,7.9702254,44.7134574
43178|Montanera|7.6437159,44.4412951,7.7103681,44.4788197
43614|Sant_Agata_Fossili|8.8778624,44.7653679,8.9300754,44.8005440
44936|San_Nazzaro_Sesia|8.4004718,45.3961877,8.4468151,45.4497973
45499|Strona|8.1597520,45.6084605,8.1860404,45.6410168
43557|Castagnole_delle_Lanze|8.0950850,44.7314461,8.1824436,44.7833785
46347|Alagna_Valsesia|7.8613734,45.8196423,7.9738336,45.9273843
43839|Santena|7.7514318,44.9158967,7.8134188,44.9660329
45231|Cossato|8.1498866,45.5098295,8.2204196,45.6109331
44536|Pezzana|8.4537118,45.2407234,8.5436197,45.2791355
45879|Gargallo|8.3852726,45.7190079,8.4331123,45.7361350
44239|Rivalba|7.8585080,45.1061004,7.9231403,45.1458660
44848|Collobiano|8.3150223,45.3770200,8.3793852,45.4128443
45387|Roasio|8.2551560,45.5528462,8.3252604,45.6422195
43281|Sampeyre|7.1142258,44.5377883,7.2744242,44.6298772
46690|Cannero_Riviera|8.6258590,45.9927560,8.7147584,46.0304876
43723|Revigliasco_d_Asti|8.1312974,44.8410677,8.2018553,44.8695066
43914|Settime|8.0914389,44.9415724,8.1368931,44.9797970
45699|Crevacuore|8.0955596,45.6670551,8.2700486,45.7489303
43899|Pecetto_di_Valenza|8.6471570,44.9610456,8.7020520,45.0176410
44605|Ala_di_Stura|7.2298268,45.2675858,7.3392151,45.3422438
43505|Neive|8.0761378,44.6981762,8.1522970,44.7569628
43480|Camo|8.1740156,44.6902142,8.2085689,44.7059429
43550|Bagnolo_Piemonte|7.1494299,44.7197804,7.3496117,44.7831306
45744|Portula|8.1022765,45.6666025,8.1911917,45.7265402
43730|San_Secondo_di_Pinerolo|7.2691146,44.8431858,7.3336707,44.8860459
44544|Foglizzo|7.7906083,45.2432727,7.8470877,45.2957967
44838|Villata|8.3972264,45.3645396,8.4556174,45.4120893
45060|Fiorano_Canavese|7.8131562,45.4533460,7.8510477,45.4822563
43800|Frossasco|7.2898481,44.9063050,7.4145783,44.9759320
45596|Trivero|8.0769280,45.6045021,8.2135318,45.7387749
43564|Moretta|7.4993093,44.7351164,7.5789264,44.7975922
44854|San_Colombano_Belmonte|7.5843291,45.3756395,7.6322379,45.3974237
44705|Candia_Canavese|7.8740915,45.3133744,7.9227012,45.3494597
44948|Strambinello|7.7528717,45.4098923,7.7794207,45.4292032
44280|Cavagnolo|8.0048385,45.1252302,8.0605559,45.1799632
44967|Pont-Canavese|7.5415080,45.4090227,7.6313685,45.4643940
46740|Cannobio|8.5932779,46.0082064,8.7290623,46.1234159
43737|Ferrere|7.9646835,44.8465319,8.0171333,44.8991830
46443|Sabbia|8.2216803,45.8534924,8.2771821,45.9106138
43261|Merana|8.2614355,44.4963310,8.3212238,44.5349426
43328|Narzole|7.8234218,44.5703368,7.9231351,44.6252527
43976|Camagna_Monferrato|8.4136954,44.9975000,8.4548992,45.0446357
44618|San_Giusto_Canavese|7.7839803,45.2720585,7.8253319,45.3263246
43950|Valenza|8.5557140,44.9732381,8.7087977,45.0629812
45905|Oleggio_Castello|8.5145518,45.7263185,8.5469553,45.7678938
43740|Perrero|7.0747317,44.8594601,7.1864455,44.9769575
43246|Bonvicino|7.9915470,44.4924447,8.0416808,44.5187667
44959|Parella|7.7850741,45.4121174,7.8134644,45.4377114
43858|Pinasca|7.2008066,44.9270480,7.2945742,45.0041748
44793|Salassa|7.6755483,45.3467028,7.7144335,45.3705657
43442|Grinzane_Cavour|7.9812029,44.6496625,8.0117449,44.6722882
43399|Paesana|7.2008022,44.6197825,7.3097876,44.7184001
43701|Villaromagnano|8.8729956,44.8296486,8.9169133,44.8611063
43335|Tagliolo_Monferrato|8.6567859,44.5708158,8.7419444,44.6602049
43940|Lu|8.4470896,44.9784185,8.5258608,45.0424190
44441|Costanzana|8.3209984,45.1955484,8.3965236,45.2563039
43964|Fenestrelle|6.9894443,44.9880166,7.1091414,45.0662797
44095|Montaldo_Torinese|7.8421090,45.0502246,7.8663987,45.0837191
44644|Tronzano_Vercellese|8.1155507,45.2710245,8.2525364,45.3715339
43142|Castellino_Tanaro|7.9620362,44.4127941,8.0148162,44.4456974
43713|Osasco|7.3296310,44.8367092,7.3744116,44.8627604
44807|Bairo|7.7312556,45.3574333,7.7677046,45.3929199
45507|Miagliano|8.0360894,45.6082324,8.0477948,45.6270552
45443|Valle_San_Nicolao|8.0006521,45.5894014,8.1674980,45.7285994
43692|Momperone|9.0064053,44.8256386,9.0649549,44.8551323
44552|Mathi|7.5234094,45.2410744,7.5617845,45.2942245
44287|Susa|7.0312350,45.1240904,7.1268982,45.1453299
46459|Gravellona_Toce|8.4035126,45.8908562,8.4600789,45.9550484
45298|Valdengo|8.1062286,45.5460775,8.1620697,45.5874895
43001|Bagnasco|8.0037384,44.2534566,8.0904781,44.3320035
43159|Torresina|8.0222239,44.4271473,8.0492714,44.4484410
43933|Piossasco|7.3767556,44.9492711,7.5105851,45.0166346
42998|Robilante|7.4826629,44.2568614,7.5546491,44.3131822
43157|Rocca_Cigliè|7.9359155,44.4214720,7.9674738,44.4654093
46345|Omegna|8.3646061,45.8293521,8.4576200,45.9036438
46633|Cambiasca|8.5233200,45.9568693,8.5650182,45.9800871
43255|Dogliani|7.9109620,44.4991351,8.0172597,44.5678455
43522|Borghetto_di_Borbera|8.9057502,44.7015699,9.0252110,44.7730031
43543|Murello|7.5781126,44.7232302,7.6273781,44.7845699
43406|Montelupo_Albese|8.0089180,44.6111744,8.0558447,44.6419466
43385|Sanfront|7.2432675,44.5992220,7.3451732,44.6833750
43515|Cantalupo_Ligure|9.0008796,44.7121360,9.1237635,44.7539853
43377|Rodello|8.0449623,44.6087859,8.0850094,44.6518810
44726|Vische|7.9088623,45.3116566,7.9649749,45.3713705
43595|Polonghera|7.5707817,44.7665243,7.6226425,44.8112705
44337|San_Sebastiano_da_Po|7.9058903,45.1414669,7.9774536,45.1810513
44526|Tricerro|8.2729808,45.2170359,8.3517915,45.2497697
43072|Vicoforte|7.8353125,44.3286492,7.9035255,44.3953949
44381|Fontanetto_Po|8.1516500,45.1595211,8.2241679,45.2379013
45780|Grignasco|8.3105682,45.6618139,8.3741708,45.7074198
43872|Sestriere|6.8331486,44.9320039,6.9309838,44.9932994
43746|Sauze_di_Cesana|6.8233817,44.8418390,7.0143823,44.9506008
43806|Airasca|7.4473620,44.9039599,7.5219134,44.9401260
43843|Moncalieri|7.6480188,44.9279336,7.7571117,45.0311638
43661|Bergamasco|8.4200402,44.8020066,8.4838665,44.8467822
44986|Biandrate|8.4347490,45.4241990,8.5163725,45.4677211
44377|Balzola|8.3762507,45.1662889,8.4468469,45.2054572
44597|Balme|7.1093274,45.2572010,7.2513807,45.3347282
43716|Carignano|7.4484551,44.8373627,7.7197069,45.0485122
43018|Torre_Mondovì|7.8802907,44.2920668,7.9402537,44.3588955
43441|Castelletto_d_Orba|8.6783807,44.6569885,8.7393870,44.7070463
44837|Nibbiola|8.6209825,45.3515657,8.6786630,45.3890203
44071|Rivoli|7.4761095,45.0390531,7.5798488,45.0959378
45292|Momo|8.5261976,45.5449648,8.6004574,45.5995037
43502|Capriata_d_Orba|8.6566514,44.6981963,8.7430060,44.7658051
43321|Olmo_Gentile|8.2289100,44.5660655,8.2708980,44.5959124
45076|Ingria|7.5415080,45.4515511,7.6218988,45.5158549
43131|Camerana|8.1014959,44.3948194,8.1661721,44.4626321
43466|Orsara_Bormida|8.5475475,44.6735626,8.5792442,44.7023511
43887|Riva_Presso_Chieri|7.8418462,44.9356209,7.9343269,45.0195348
46908|Druogno|8.3749514,46.0936545,8.4456484,46.1697982
45663|Quittengo|8.0048133,45.6382648,8.0475726,45.6788475
43479|Santo_Stefano_Belbo|8.1649230,44.6730636,8.2687258,44.7322892
44818|Locana|7.3229532,45.3578015,7.5115628,45.5258678
43706|Angrogna|7.1039618,44.8260316,7.2566259,44.8931824
43845|Maretto|8.0197369,44.9298181,8.0570298,44.9599068
43989|Beinasco|7.5713744,44.9977949,7.6121637,45.0344880
45220|Ponderano|8.0322763,45.5108173,8.0697138,45.5473024
46081|Ameno|8.4247233,45.7703715,8.4828360,45.8028881
43657|Casalgrasso|7.5919643,44.7845342,7.6538917,44.8475456
45122|Cascinette_d_Ivrea|7.8950103,45.4717940,7.9169092,45.4903615
44043|Mirabello_Monferrato|8.4891212,45.0112060,8.5642647,45.0501001
1559332|Rive|8.3861964,45.1942959,8.4551728,45.2232378
43576|San_Marzano_Oliveto|8.2720343,44.7344343,8.3201302,44.7742624
44977|Carisio|8.1613607,45.3955773,8.2494758,45.4563601
44282|Lauriano|7.9652907,45.1238313,8.0123305,45.1806550
44499|San_Carlo_Canavese|7.5784061,45.2281680,7.6561672,45.2825683
44290|Bruzolo|7.1817024,45.1229173,7.2165519,45.1953839
43817|Monale|8.0481867,44.9153145,8.1043485,44.9548164
43330|Mombaldone|8.2938668,44.5581336,8.3691928,44.5939738
44960|Colleretto_Giacosa|7.7925339,45.4155826,7.8296076,45.4439181
45939|Soriso|8.3772070,45.7201943,8.4212589,45.7517253
43758|San_Germano_Chisone|7.2111695,44.8619749,7.2693407,44.9236827
44666|Moncrivello|7.9468414,45.2905699,8.0675564,45.3465443
44657|Coassolo_Torinese|7.4340134,45.2876784,7.4990952,45.3675535
44600|Oglianico|7.6658179,45.2688661,7.7097954,45.3526552
45037|Bollengo|7.9236071,45.4420262,7.9769284,45.4961061
43364|Gambasca|7.3210933,44.6021330,7.3609224,44.6442108
45216|Masserano|8.0715944,45.5168995,8.2919213,45.6149290
46759|Seppiana|8.1991124,46.0375240,8.2368928,46.0639453
44147|Cereseto|8.3025258,45.0684340,8.3439413,45.1159394
45515|Lozzolo|8.3112718,45.5888979,8.3375132,45.6452960
44768|Chialamberto|7.2955220,45.3419151,7.3919089,45.4144478
43714|Rocchetta_Tanaro|8.3113962,44.8383250,8.3812853,44.8760875
43146|Paroldo|8.0472831,44.4134471,8.0999815,44.4484796
43238|Niella_Belbo|8.0551251,44.4973213,8.1078361,44.5378815
44528|Cafasse|7.4810662,45.2261216,7.5377514,45.2626253
43460|Grondona|8.9170478,44.6626115,9.0268338,44.7187201
47023|Toceno|8.4492091,46.1360104,8.5194953,46.2082149
43355|Denice|8.3139768,44.5877122,8.3548579,44.6231108
43263|Melle|7.2690338,44.5149351,7.3505460,44.5815009
44056|Andezeno|7.8459214,45.0211767,7.8909191,45.0525993
43639|Carentino|8.4630510,44.7996296,8.5084314,44.8428777
43814|Refrancore|8.3013398,44.9110863,8.3805360,44.9488541
44846|Quinto_Vercellese|8.3201954,45.3644440,8.3875207,45.3954628
43467|Montaldo_Bormida|8.5774397,44.6767548,8.6094749,44.7158797
45102|San_Giacomo_Vercellese|8.3082777,45.4687060,8.3477656,45.5072588
44474|Vallo_Torinese|7.4604424,45.2153805,7.5119584,45.2423458
43616|Castelnuovo_Belbo|8.3958986,44.7806981,8.4396381,44.8280636
45149|Gifflenga|8.2226799,45.4832756,8.2465895,45.5059341
43302|Bergolo|8.1628753,44.5393739,8.1918374,44.5625002
44808|Agliè|7.7457394,45.3414895,7.8030100,45.3891957
45314|Occhieppo_Superiore|7.9626002,45.5546575,8.0252677,45.6023734
44116|Salbertrand|6.8373772,45.0374011,6.9371202,45.1116791
46206|Cesara|8.3209651,45.8057795,8.3823019,45.8507302
44584|Balangero|7.4920105,45.2531815,7.5515147,45.3010189
46110|Campertogno|7.9190284,45.7555224,8.0680748,45.8158292
43853|Cantalupa|7.3096366,44.9338117,7.3576696,44.9726221
44204|Alpignano|7.4871064,45.0839850,7.5521286,45.1226783
47015|Crodo|8.1931828,46.1942903,8.3895049,46.2926167
43535|Cavallerleone|7.6193467,44.7132541,7.6864895,44.7590279
43402|Cessole|8.2180761,44.6223018,8.2878416,44.6700241
43239|Gorzegno|8.0907165,44.4928307,8.1513570,44.5359191
44307|Borgaro_Torinese|7.6372585,45.1245815,7.6940644,45.1646165
44097|Avigliana|7.3482088,45.0430860,7.4343990,45.1018699
44788|Strambino|7.8740080,45.3435568,7.9371803,45.4243292
45448|Cavaglietto|8.4781708,45.5838984,8.5209710,45.6170977
43215|Villar_San_Costanzo|7.3576971,44.4694091,7.4401484,44.5104787
44728|Ciconio|7.7467009,45.3187788,7.7769993,45.3387497
43584|Rorà|7.1590042,44.7590114,7.2180972,44.8037807
43524|Stazzano|8.8558135,44.7102198,8.9568219,44.7603436
43982|Cortanze|8.0704286,45.0052983,8.1003708,45.0355898
45527|Sostegno|8.2447375,45.6206394,8.3279084,45.6817961
43503|Barbaresco|8.0588047,44.7015323,8.0948463,44.7411899
45017|Loranzè|7.7883821,45.4344615,7.8283245,45.4569696
46012|Quarona|8.2071770,45.7457144,8.2914138,45.7831201
43676|San_Martino_Alfieri|8.0914663,44.8096843,8.1384289,44.8369684
44555|Mazzè|7.9092859,45.2475456,7.9823363,45.3271167
43391|Vesime|8.1944710,44.6144081,8.2784709,44.6514710
43119|Marmora|7.0806700,44.3860850,7.1623760,44.4926420
43773|Azzano_d_Asti|8.2475770,44.8632479,8.2839593,44.8998309
44164|Sciolze|7.8519285,45.0803840,7.9102337,45.1186837
43970|Pecetto_Torinese|7.7224492,44.9888551,7.7756345,45.0447194
44987|San_Pietro_Mosezzo|8.4968437,45.4208974,8.5786748,45.5113538
44159|Murisengo|8.1093301,45.0515497,8.1712980,45.1072463
43690|Montemarzino|8.9659382,44.8284761,9.0185173,44.8687831
47065|Premia|8.2730295,46.2480454,8.4438475,46.3682802
46750|Trarego_Viggiona|8.5662195,46.0246400,8.7045100,46.0528446
43379|Borgomale|8.0956920,44.6112467,8.1516721,44.6542189
44385|Chivasso|7.8324765,45.1724108,7.9572441,45.2514127
43083|Cuneo|7.4756186,44.3482805,7.6415715,44.4909170
43880|Perosa_Argentina|7.1373152,44.9523698,7.2319431,45.0072466
46560|Ghiffa|8.5880666,45.9324531,8.6540998,45.9839602
45243|Quassolo|7.8064099,45.5141853,7.8441245,45.5354801
43266|Serole|8.2322997,44.5189941,8.2861251,44.5733123
44265|San_Didero|7.2043800,45.1222132,7.2344631,45.1462415
43278|Molare|8.5472764,44.5211846,8.6242993,44.6249211
44321|Castagneto_Po|7.8672656,45.1413210,7.9257730,45.1785226
44330|Moncestino|8.1390807,45.1437514,8.1796620,45.1710679
46691|Aurano|8.5320293,45.9941326,8.6260402,46.0467042
43568|Montaldo_Roero|7.8466548,44.7479019,7.9635675,44.7911600
44172|Berzano_di_San_Pietro|7.9285073,45.0829526,7.9717199,45.1170027
45945|Piode|8.0160762,45.7355986,8.0663421,45.7833457
44270|San_Gillio|7.4972636,45.1196644,7.5502194,45.1589670
45442|Vallanzengo|8.0680999,45.5959333,8.1586130,45.7012742
43554|Sommariva_del_Bosco|7.7260874,44.7317660,7.8409972,44.8186467
43621|Ceresole_Alba|7.7635679,44.7861623,7.8646114,44.8549626
42988|Roaschia|7.4252493,44.2182028,7.4884704,44.2938297
44301|Druento|7.5336617,45.1138219,7.6070374,45.1890880
45686|Borgomanero|8.4040759,45.6598959,8.5185334,45.7376080
43397|Mongiardino_Ligure|9.0306814,44.6097462,9.1215230,44.6742927
43426|Carrosio|8.8150166,44.6389490,8.8683639,44.6712672
45770|Ailoche|8.1620473,45.6859318,8.2480721,45.7525030
1559663|Montaldeo|8.7120166,44.6451345,8.7427835,44.6858660
43499|Pocapaglia|7.8440619,44.6953575,7.9131555,44.7578410
43699|Garzigliana|7.3395954,44.8231098,7.3930275,44.8468735
44554|Caluso|7.8372444,45.2445873,7.9175361,45.3201835
45399|Cavaglio_d_Agogna|8.4513984,45.5807034,8.4980259,45.6314189
43983|Coazze|7.1639218,45.0042297,7.3330886,45.0795911
44972|Pavone_Canavese|7.8197452,45.4128025,7.8837821,45.4487240
43076|Sambuco|7.0417828,44.3039761,7.1244636,44.3915300
44841|Romano_Canavese|7.8497032,45.3724370,7.9035277,45.4273147
46868|Bognanco|8.1082182,46.0930360,8.2500222,46.1812657
45040|Banchette|7.8336286,45.4448934,7.8634324,45.4728603
44801|Olcenengo|8.2895329,45.3317509,8.3471809,45.3799571
43052|Valloriate|7.3093352,44.3232442,7.3934837,44.3627368
44655|San_Giorgio_Canavese|7.7716459,45.2772685,7.8400718,45.3591276
45025|Zimone|8.0196400,45.4413618,8.0606470,45.4601630
43431|Trisobbio|8.5646486,44.6384156,8.6133990,44.6830876
43174|Murazzano|7.9571563,44.4408833,8.0626220,44.5052582
46497|Baveno|8.4556481,45.8934117,8.5347118,45.9372174
46660|Oggebbio|8.6020797,45.9660870,8.6905642,46.0248529
45533|Pralungo|7.9980848,45.5792406,8.0506839,45.6250797
43500|Serravalle_Scrivia|8.8208451,44.6953205,8.8858050,44.7582467
45125|Verrone|8.0948497,45.4809732,8.1433352,45.5226932
43709|Prali|6.9880449,44.8222895,7.1036549,44.9387073
43611|Priocca|8.0443916,44.7753803,8.0835316,44.8111004
46991|Trasquera|8.1388826,46.1763141,8.2361794,46.2647311
43779|Isolabella|7.8936486,44.8918871,7.9263103,44.9171239
45062|Romentino|8.6987599,45.4427879,8.7929265,45.4840985
43091|Mondovì|7.6903843,44.3518955,7.9034998,44.4677093
44179|Robella|8.0753768,45.0798179,8.1300609,45.1318732
43407|Castellar|7.4301020,44.6179370,7.4580240,44.6429780
43454|Rocchetta_Ligure|9.0343962,44.6718569,9.0869843,44.7151492
44670|Salasco|8.2481091,45.2997691,8.3231551,45.3349435
43633|Faule|7.5541435,44.7723410,7.5986650,44.8232175
43389|Grognardo|8.4710511,44.6105410,8.5222278,44.6433490
43189|Sant_Albano_Stura|7.6728219,44.4603010,7.7769767,44.5404407
44610|Prarolo|8.4462439,45.2614796,8.5192094,45.2966608
43649|Lusernetta|7.2201782,44.7822930,7.2691558,44.8085606
45909|Briga_Novarese|8.4434478,45.7145645,8.4717192,45.7483636
45609|Soprana|8.1755726,45.6253966,8.2163586,45.6540225
45104|Meugliano|7.6913003,45.4733722,7.7956906,45.5192156
43928|Calliano|8.2095942,44.9790283,8.2913508,45.0260560
44933|Azeglio|7.9611518,45.3996507,8.0274319,45.4471310
46322|Rima_San_Giuseppe|7.9602267,45.8388466,8.0456607,45.9144137
45331|Fara_Novarese|8.4310470,45.5357144,8.4820256,45.5824460
43546|Calosso|8.2022759,44.7230339,8.2614666,44.7690166
43038|Gaiola|7.3878070,44.3202609,7.4253585,44.3455156
43111|Pradleves|7.2361269,44.3801118,7.3084356,44.4461731
44248|Pontestura|8.2971712,45.1107452,8.3627348,45.1585045
46545|Bannio_Anzino|8.0649865,45.9221724,8.1926905,45.9975861
43485|Monticello_d_Alba|7.9059952,44.6915873,7.9870149,44.7291648
43889|Cortazzone|8.0277960,44.9553098,8.0749143,44.9972013
46010|Riva_Valdobbia|7.8623317,45.7419075,8.0001505,45.8566330
43718|Pinerolo|7.2796195,44.8441508,7.4216733,44.9758439
43032|Scagnello|7.9569129,44.3110525,8.0010641,44.3557749
44832|Vestignè|7.9040344,45.3678472,7.9771072,45.4211407
46262|Massino_Visconti|8.5053462,45.8092167,8.5475648,45.8406536
43910|Bassignana|8.6764699,44.9702467,8.8175476,45.0382911
45907|Dormelletto|8.5529978,45.7173905,8.5937501,45.7517198
43548|Castelletto_Molina|8.4195084,44.7319525,8.4423228,44.7571218
43819|Inverso_Pinasca|7.1945417,44.9164695,7.2372452,44.9534777
45765|Castelletto_Sopra_Ticino|8.5743257,45.6847188,8.6546904,45.7304115
46066|San_Maurizio_d_Opaglio|8.3558722,45.7645831,8.4201025,45.7914167
44272|Villamiroglio|8.1343729,45.1162008,8.1866617,45.1489438
43211|Belvedere_Langhe|7.9643450,44.4834930,7.9954372,44.5132724
42910|Garessio|7.8626199,44.1434150,8.0973027,44.2549530
43998|Piea|8.0355498,45.0049333,8.0858386,45.0354770
44572|Traves|7.3870665,45.2459145,7.4500802,45.2809854
44957|Cintano|7.6583063,45.4118368,7.6984631,45.4639925
43566|Baldissero_d_Alba|7.8372779,44.7364709,7.9401335,44.7890687
43865|Portacomaro|8.2372348,44.9183376,8.2963587,44.9796114
44839|Sparone|7.4894421,45.3700175,7.5633162,45.4594752
43101|Margarita|7.6472118,44.3761996,7.7066372,44.4181203
44160|Aramengo|7.9655168,45.0768383,8.0287460,45.1238313
43443|Rocca_Grimalda|8.6063609,44.6599078,8.6711816,44.7147895
44956|Colleretto_Castelnuovo|7.6439965,45.4084848,7.6858499,45.4608777
45481|Andorno_Micca|7.9259032,45.5933269,8.0860898,45.7245579
46476|Rimella|8.1472802,45.8893016,8.2390017,45.9504599
43835|Cumiana|7.2894837,44.9250611,7.4737123,45.0082463
43127|Saliceto|8.1488355,44.3857623,8.2228979,44.4495652
45183|Cameri|8.6084647,45.4750049,8.7194043,45.5561666
45170|Borriana|8.0187825,45.4940761,8.0559003,45.5202016
44855|Caravino|7.9142309,45.3771631,7.9937738,45.4202018
46280|Belgirate|8.5602597,45.8282456,8.5954462,45.8606120
43748|Cercenasco|7.4577654,44.8539279,7.5488279,44.8772930
43417|Gavi|8.7435514,44.6374619,8.8895566,44.7246079
45838|Comignago|8.5430030,45.7031528,8.5804765,45.7298811
43289|Cassinelle|8.5300559,44.5426579,8.5833916,44.6198480
44895|San_Martino_Canavese|7.7739561,45.3714160,7.8363761,45.4161667
43201|Macra|7.1242090,44.4626650,7.2210644,44.5431333
43659|Costa_Vescovato|8.9008391,44.7922899,8.9613932,44.8390846
44761|Pertusio|7.6217535,45.3391070,7.6525618,45.3657849
45193|Sillavengo|8.4025309,45.5006319,8.4669096,45.5354029
45310|Brusnengo|8.2413440,45.5360393,8.2964520,45.6099075
43509|Francavilla_Bisio|8.7180884,44.7020647,8.7620876,44.7478940
43804|Castellero|8.0516834,44.9086072,8.0902046,44.9321932
43252|Valmala|7.3242840,44.5086371,7.3669818,44.5544611
46599|Pieve_Vergonte|8.2211508,45.9515609,8.3330897,46.0223731
43163|Mombarcaro|8.0456026,44.4320533,8.1111222,44.4997147
44909|Alpette|7.5593918,45.3934736,7.5977221,45.4188899
43767|Viguzzolo|8.8967604,44.8784325,8.9580451,44.9368464
43200|Cartignano|7.2679220,44.4682263,7.3015327,44.5252971
44114|Pomaro_Monferrato|8.5476851,45.0427488,8.6207023,45.0908985
44779|Cantoira|7.3379235,45.3267464,7.4296508,45.3767723
42957|Frabosa_Soprana|7.7620801,44.1831658,7.8517036,44.3284508
45358|Sizzano|8.4101963,45.5592170,8.4738335,45.5955713
43674|Tortona|8.7740042,44.8115238,8.9100337,44.9568268
43362|Lagnasco|7.5295705,44.6004916,7.5874230,44.6561818
43169|Castelletto_Stura|7.5979344,44.3997029,7.6785407,44.4565028
43259|Somano|7.9876979,44.5124286,8.0395962,44.5516663
44125|Exilles|6.8480080,45.0603018,6.9707513,45.1448228
45717|Boca|8.3737347,45.6590245,8.4431498,45.7034775
44380|Crescentino|8.0451525,45.1680210,8.1745769,45.2433305
45301|Cerreto_Castello|8.1488812,45.5472984,8.1688449,45.5742605
44398|Monteu_da_Po|7.9996612,45.1411441,8.0367603,45.1819892
43061|Ceva|7.9801541,44.3387633,8.0806785,44.4147587
44400|Verolengo|7.9381252,45.1713258,8.0499032,45.2360739
45264|Carpignano_Sesia|8.3978373,45.5148948,8.4493688,45.5679862
44014|Piovà_Massaia|8.0269840,45.0185696,8.0727280,45.0688768
45592|Divignano|8.5859301,45.6399855,8.6114877,45.6734292
44403|Trino|8.1723368,45.1691574,8.3625540,45.2793866
43812|Piobesi_Torinese|7.5663255,44.8961746,7.6419816,44.9488248
46801|Cursolo-Orasso|8.4834417,46.0514232,8.6299396,46.1245962
44421|Fiano|7.4811220,45.1840236,7.5632357,45.2401266
44899|Torre_Canavese|7.7308851,45.3852807,7.7807393,45.4129596
43552|Castagnito|8.0206781,44.7359407,8.0850454,44.7644446
43594|Bosco_Marengo|8.6394260,44.7706581,8.7887094,44.8638637
46815|Montescheno|8.1467185,46.0539765,8.2357114,46.1022477
44918|Roppolo|8.0525648,45.3960574,8.0921759,45.4481499
45642|Mosso|8.0164034,45.6371473,8.1501391,45.7009364
43054|Priero|8.0657782,44.3339943,8.1315072,44.3947047
44269|Val_della_Torre|7.3965677,45.1171693,7.5054512,45.1934901
43106|Sale_delle_Langhe|8.0600261,44.3662402,8.1223141,44.4216765
44233|Brozolo|8.0436448,45.0973911,8.0966807,45.1321210
44299|Giaglione|6.8841499,45.1291171,7.0385367,45.1712625
45260|Netro|7.9117382,45.5259738,7.9739517,45.5679856
43154|Acceglio|6.8545067,44.4019150,7.0460955,44.5617499
43404|Bubbio|8.2707673,44.6237676,8.3206092,44.6866461
46093|Vocca|8.1482129,45.7759230,8.2110680,45.8467983
44541|Ronsecco|8.2142205,45.2354332,8.3106624,45.2897150
44687|Levone|7.5700888,45.3065074,7.6262996,45.3346225
43539|Piobesi_d_Alba|7.9699957,44.7224051,8.0030410,44.7448443
44073|Rosignano_Monferrato|8.3848875,45.0405206,8.4572406,45.1005413
43578|Moasca|8.2530495,44.7528953,8.2904666,44.7751924
46411|Cervatto|8.1187490,45.8571030,8.1684263,45.8883926
44500|San_Francesco_al_Campo|7.6288284,45.2059408,7.6913721,45.2557842
45783|Coggiola|8.1150835,45.6799487,8.2046310,45.7480533
43375|Mornese|8.7345383,44.5834523,8.7812703,44.6548052
43304|Brossasco|7.2581430,44.5356270,7.3842781,44.6151390
45279|Camburzano|7.9822780,45.5344639,8.0169123,45.5551616
45434|Tollegno|8.0192951,45.5791297,8.0574481,45.6225980
43247|Bossolasco|8.0157871,44.5048584,8.0845619,44.5556613
45368|Pollone|7.8965774,45.5672152,8.0195397,45.6361624
44326|Caselle_Torinese|7.6033808,45.1549631,7.6942101,45.1981290
44436|Moncenisio|6.9606471,45.1935895,7.0052178,45.2198477
44185|Valmacca|8.5710193,45.0828499,8.6238057,45.1330217
44245|Caprie|7.3129728,45.1054677,7.3718069,45.1735496
43826|Pomaretto|7.1474949,44.9273702,7.2008066,44.9715316
44888|Casalvolone|8.4290584,45.3779332,8.5084043,45.4193277
43673|Montà|7.9024113,44.7944521,7.9874539,44.8566056
44850|Sozzago|8.6944110,45.3754384,8.7528108,45.4143487
43733|Monleale|8.9506542,44.8504295,8.9987851,44.8948904
46711|Antrona_Schieranco|8.0111060,46.0019536,8.1653967,46.1116497
43353|Serralunga_d_Alba|7.9786049,44.5889531,8.0103731,44.6489240
43626|Casal_Cermelli|8.6079730,44.7890558,8.6559352,44.8563923
44548|Rivarossa|7.6654580,45.2412809,7.7405922,45.2708244
43388|Morbello|8.4896352,44.5466828,8.5510252,44.6352009
45517|Villa_del_Bosco|8.2632781,45.6102621,8.3122684,45.6324343
43357|Albaretto_della_Torre|8.0441875,44.5879911,8.0849601,44.6112006
